0,1,2,3,4,5,6,7,8,9,10,11,12
PROCEDIMENTO,"RN
(alteração)",VIGÊNCIA,Seg. Odontológica,Seg. Ambulatorial,HCO,HSO,REF,PAC,DUT,SUBGRUPO,GRUPO,CAPÍTULO
BIÓPSIAS PERCUTÂNEA SINOVIAL OU DE TECIDOS MOLES,,,,Seg. Ambulatorial,HCO,HSO,REF,,,PROCEDIMENTOS GERAIS,"SISTEMA MÚSCULO-ESQUELÉTICO E
ARTICULAÇÕES",PROCEDIMENTOS CIRÚRGICOS E INVASIVOS
CORPO ESTRANHO INTRA-ARTICULAR - TRATAMENTO CIRÚRGICO,,,,,HCO,HSO,REF,,,PROCEDIMENTOS GERAIS,"SISTEMA MÚSCULO-ESQUELÉTICO E
ARTICULAÇÕES",PROCEDIMENTOS CIRÚRGICOS E INVASIVOS
"CORPO ESTRANHO INTRA-ÓSSEO, SUBCUTÂNEO - TRATAMENTO CIRÚRGICO",,,,Seg. Ambulatorial,HCO,HSO,REF,,,PROCEDIMENTOS GERAIS,"SISTEMA MÚSCULO-ESQUELÉTICO E
ARTICULAÇÕES",PROCEDIMENTOS CIRÚRGICOS E INVASIVOS
"CORREÇÃO DE DEFORMIDADE ADQUIRIDA E OU CONGÊNITA COM OU SEM FIXADOR EXTERNO (DINÂMICO OU
NÃO)",,,,,HCO,HSO,REF,,,PROCEDIMENTOS GERAIS,"SISTEMA MÚSCULO-ESQUELÉTICO E
ARTICULAÇÕES",PROCEDIMENTOS CIRÚRGICOS E INVASIVOS
CURETAGEM OU RESSECÇÃO EM BLOCO DE TUMOR COM RECONSTRUÇÃO E ENXERTO VASCULARIZADO,,,,,HCO,HSO,REF,,,PROCEDIMENTOS GERAIS,"SISTEMA MÚSCULO-ESQUELÉTICO E
ARTICULAÇÕES",PROCEDIMENTOS CIRÚRGICOS E INVASIVOS
DESCOLAMENTO EPIFISÁRIO (TRAUMÁTICO OU NÃO) TRATAMENTO CIRÚRGICO,,,,,HCO,HSO,REF,,,PROCEDIMENTOS GERAIS,"SISTEMA MÚSCULO-ESQUELÉTICO E
ARTICULAÇÕES",PROCEDIMENTOS CIRÚRGICOS E INVASIVOS
ENXERTOS EM PSEUDARTROSES,,,,,HCO,HSO,REF,,,PROCEDIMENTOS GERAIS,"SISTEMA MÚSCULO-ESQUELÉTICO E
ARTICULAÇÕES",PROCEDIMENTOS CIRÚRGICOS E INVASIVOS
MANIPULAÇÃO ARTICULAR COM OU SEM ANESTESIA GERAL,,,,,HCO,HSO,REF,,,PROCEDIMENTOS GERAIS,"SISTEMA MÚSCULO-ESQUELÉTICO E
ARTICULAÇÕES",PROCEDIMENTOS CIRÚRGICOS E INVASIVOS
OSTEOTOMIA COM OU SEM FIXADOR EXTERNO (DINÂMICO OU NÃO),,,,,HCO,HSO,REF,,,PROCEDIMENTOS GERAIS,"SISTEMA MÚSCULO-ESQUELÉTICO E
ARTICULAÇÕES",PROCEDIMENTOS CIRÚRGICOS E INVASIVOS
PREPARAÇÃO E REVISÃO DE COTO DE AMPUTAÇÃO,,,,Seg. Ambulatorial,HCO,HSO,REF,,,PROCEDIMENTOS GERAIS,"SISTEMA MÚSCULO-ESQUELÉTICO E
ARTICULAÇÕES",PROCEDIMENTOS CIRÚRGICOS E INVASIVOS
"PUNÇÃO OU INFILTRAÇÃO ARTICULAR DIAGNÓSTICA OU TERAPÊUTICA, ORIENTADA OU NÃO POR MÉTODO
DE IMAGEM",,,,Seg. Ambulatorial,HCO,HSO,REF,,,PROCEDIMENTOS GERAIS,"SISTEMA MÚSCULO-ESQUELÉTICO E
ARTICULAÇÕES",PROCEDIMENTOS CIRÚRGICOS E INVASIVOS
"PUNÇÃO EXTRA-ARTICULAR DIAGNÓSTICA OU TERAPÊUTICA/ ARTROCENTESE (INFILTRAÇÃO/AGULHAMENTO
SECO) ORIENTADO OU NÃO POR MÉTODO DE IMAGEM",,,,Seg. Ambulatorial,HCO,HSO,REF,,,PROCEDIMENTOS GERAIS,"SISTEMA MÚSCULO-ESQUELÉTICO E
ARTICULAÇÕES",PROCEDIMENTOS CIRÚRGICOS E INVASIVOS
REDUÇÃO INCRUENTA DE FRATURA,,,,Seg. Ambulatorial,HCO,HSO,REF,,,PROCEDIMENTOS GERAIS,"SISTEMA MÚSCULO-ESQUELÉTICO E
ARTICULAÇÕES",PROCEDIMENTOS CIRÚRGICOS E INVASIVOS
REDUÇÃO INCRUENTA DE LUXAÇÃO E/OU AVULSÕES,,,,Seg. Ambulatorial,HCO,HSO,REF,,,PROCEDIMENTOS GERAIS,"SISTEMA MÚSCULO-ESQUELÉTICO E
ARTICULAÇÕES",PROCEDIMENTOS CIRÚRGICOS E INVASIVOS
RESSECÇÃO DE LESÃO COM CIMENTAÇÃO E OSTEOSÍNTESE,,,,,HCO,HSO,REF,,,PROCEDIMENTOS GERAIS,"SISTEMA MÚSCULO-ESQUELÉTICO E
ARTICULAÇÕES",PROCEDIMENTOS CIRÚRGICOS E INVASIVOS
RETIRADA DE CORPO ESTRANHO,,,,,HCO,HSO,REF,,,PROCEDIMENTOS GERAIS,"SISTEMA MÚSCULO-ESQUELÉTICO E
ARTICULAÇÕES",PROCEDIMENTOS CIRÚRGICOS E INVASIVOS
RETIRADA DE ENXERTO ÓSSEO,,,,,HCO,HSO,REF,,,PROCEDIMENTOS GERAIS,"SISTEMA MÚSCULO-ESQUELÉTICO E
ARTICULAÇÕES",PROCEDIMENTOS CIRÚRGICOS E INVASIVOS
REVISÃO DE ARTROPLASTIA (QUALQUER SEGMENTO),,,,,HCO,HSO,REF,,,PROCEDIMENTOS GERAIS,"SISTEMA MÚSCULO-ESQUELÉTICO E
ARTICULAÇÕES",PROCEDIMENTOS CIRÚRGICOS E INVASIVOS
TRATAMENTO CIRÚRGICO - ENCURTAMENTO COM OU SEM OSTEOSSINTESE,,,,,HCO,HSO,REF,,,PROCEDIMENTOS GERAIS,"SISTEMA MÚSCULO-ESQUELÉTICO E
ARTICULAÇÕES",PROCEDIMENTOS CIRÚRGICOS E INVASIVOS
