0,1,2,3,4,5,6,7,8,9,10,11,12
PROCEDIMENTO,"RN
(alteração)",VIGÊNCIA,Seg. Odontológica,Seg. Ambulatorial,HCO,HSO,REF,PAC,DUT,SUBGRUPO,GRUPO,CAPÍTULO
PLEURECTOMIA POR VIDEOTORACOSCOPIA,,,,,HCO,HSO,REF,,,PLEURA,SISTEMA RESPIRATÓRIO E MEDIASTINO,PROCEDIMENTOS CIRÚRGICOS E INVASIVOS
PLEURODESE,,,,,HCO,HSO,REF,,,PLEURA,SISTEMA RESPIRATÓRIO E MEDIASTINO,PROCEDIMENTOS CIRÚRGICOS E INVASIVOS
PLEURODESE POR VÍDEO,,,,,HCO,HSO,REF,,,PLEURA,SISTEMA RESPIRATÓRIO E MEDIASTINO,PROCEDIMENTOS CIRÚRGICOS E INVASIVOS
PLEUROSCOPIA,,,,,HCO,HSO,REF,,,PLEURA,SISTEMA RESPIRATÓRIO E MEDIASTINO,PROCEDIMENTOS CIRÚRGICOS E INVASIVOS
PLEUROSCOPIA POR VÍDEO,,,,,HCO,HSO,REF,,,PLEURA,SISTEMA RESPIRATÓRIO E MEDIASTINO,PROCEDIMENTOS CIRÚRGICOS E INVASIVOS
PLEUROSTOMIA,,,,,HCO,HSO,REF,,,PLEURA,SISTEMA RESPIRATÓRIO E MEDIASTINO,PROCEDIMENTOS CIRÚRGICOS E INVASIVOS
PUNÇÃO PLEURAL,,,,Seg. Ambulatorial,HCO,HSO,REF,,,PLEURA,SISTEMA RESPIRATÓRIO E MEDIASTINO,PROCEDIMENTOS CIRÚRGICOS E INVASIVOS
REPLEÇÃO DE CAVIDADE PLEURAL COM SOLUÇÃO DE ANTIBIÓTICO PARA TRATAMENTO DE EMPIEMA,,,,,HCO,HSO,REF,,,PLEURA,SISTEMA RESPIRATÓRIO E MEDIASTINO,PROCEDIMENTOS CIRÚRGICOS E INVASIVOS
RESSECÇÃO DE TUMOR DA PLEURA LOCALIZADO,,,,,HCO,HSO,REF,,,PLEURA,SISTEMA RESPIRATÓRIO E MEDIASTINO,PROCEDIMENTOS CIRÚRGICOS E INVASIVOS
RESSECÇÃO DE TUMOR DA PLEURA LOCALIZADO POR VÍDEO,,,,,HCO,HSO,REF,,,PLEURA,SISTEMA RESPIRATÓRIO E MEDIASTINO,PROCEDIMENTOS CIRÚRGICOS E INVASIVOS
RETIRADA DE DRENO TUBULAR TORÁCICO,,,,Seg. Ambulatorial,HCO,HSO,REF,,,PLEURA,SISTEMA RESPIRATÓRIO E MEDIASTINO,PROCEDIMENTOS CIRÚRGICOS E INVASIVOS
TENDA PLEURAL,,,,,HCO,HSO,REF,,,PLEURA,SISTEMA RESPIRATÓRIO E MEDIASTINO,PROCEDIMENTOS CIRÚRGICOS E INVASIVOS
TENDA PLEURAL POR VÍDEO,,,,,HCO,HSO,REF,,,PLEURA,SISTEMA RESPIRATÓRIO E MEDIASTINO,PROCEDIMENTOS CIRÚRGICOS E INVASIVOS
TORACOSTOMIA COM DRENAGEM PLEURAL FECHADA,,,,,HCO,HSO,REF,,,PLEURA,SISTEMA RESPIRATÓRIO E MEDIASTINO,PROCEDIMENTOS CIRÚRGICOS E INVASIVOS
TRATAMENTO OPERATÓRIO DA HEMORRAGIA INTRAPLEURAL,,,,,HCO,HSO,REF,,,PLEURA,SISTEMA RESPIRATÓRIO E MEDIASTINO,PROCEDIMENTOS CIRÚRGICOS E INVASIVOS
TRATAMENTO OPERATÓRIO DA HEMORRAGIA INTRAPLEURAL POR VÍDEO,,,,,HCO,HSO,REF,,,PLEURA,SISTEMA RESPIRATÓRIO E MEDIASTINO,PROCEDIMENTOS CIRÚRGICOS E INVASIVOS
BIÓPSIA DE LINFONODOS PRÉ-ESCALÊNICOS OU DO CONFLUENTE VENOSO,,,,Seg. Ambulatorial,HCO,HSO,REF,,,MEDIASTINO,SISTEMA RESPIRATÓRIO E MEDIASTINO,PROCEDIMENTOS CIRÚRGICOS E INVASIVOS
BIÓPSIA DE TUMOR DO MEDIASTINO,,,,,HCO,HSO,REF,,,MEDIASTINO,SISTEMA RESPIRATÓRIO E MEDIASTINO,PROCEDIMENTOS CIRÚRGICOS E INVASIVOS
BIÓPSIA DE TUMOR DO MEDIASTINO POR VÍDEO,,,,,HCO,HSO,REF,,,MEDIASTINO,SISTEMA RESPIRATÓRIO E MEDIASTINO,PROCEDIMENTOS CIRÚRGICOS E INVASIVOS
