0,1,2,3,4,5,6,7,8,9,10,11,12
PROCEDIMENTO,"RN
(alteração)",VIGÊNCIA,Seg. Odontológica,Seg. Ambulatorial,HCO,HSO,REF,PAC,DUT,SUBGRUPO,GRUPO,CAPÍTULO
RADIOSCOPIA DIAGNÓSTICA,,,,Seg. Ambulatorial,HCO,HSO,REF,,,RADIOGRAFIAS,MÉTODOS DIAGNÓSTICOS POR IMAGEM,"PROCEDIMENTOS DIAGNÓSTICOS E
TERAPÊUTICOS"
RADIOSCOPIA PARA ACOMPANHAMENTO DE PROCEDIMENTO CIRÚRGICO,,,,Seg. Ambulatorial,HCO,HSO,REF,,,RADIOGRAFIAS,MÉTODOS DIAGNÓSTICOS POR IMAGEM,"PROCEDIMENTOS DIAGNÓSTICOS E
TERAPÊUTICOS"
SIALOGRAFIA,,,,Seg. Ambulatorial,HCO,HSO,REF,,,RADIOGRAFIAS,MÉTODOS DIAGNÓSTICOS POR IMAGEM,"PROCEDIMENTOS DIAGNÓSTICOS E
TERAPÊUTICOS"
TESTE DE OCLUSÃO DE ARTÉRIA CARÓTIDA OU VERTEBRAL,,,,Seg. Ambulatorial,HCO,HSO,REF,PAC,,RADIOGRAFIAS,MÉTODOS DIAGNÓSTICOS POR IMAGEM,"PROCEDIMENTOS DIAGNÓSTICOS E
TERAPÊUTICOS"
TOMOGRAFIA RENAL,,,,Seg. Ambulatorial,HCO,HSO,REF,,,RADIOGRAFIAS,MÉTODOS DIAGNÓSTICOS POR IMAGEM,"PROCEDIMENTOS DIAGNÓSTICOS E
TERAPÊUTICOS"
TRÂNSITO E MORFOLOGIA DO APARELHO DIGESTIVO,,,,Seg. Ambulatorial,HCO,HSO,REF,,,RADIOGRAFIAS,MÉTODOS DIAGNÓSTICOS POR IMAGEM,"PROCEDIMENTOS DIAGNÓSTICOS E
TERAPÊUTICOS"
URETROCISTOGRAFIA,,,,Seg. Ambulatorial,HCO,HSO,REF,,,RADIOGRAFIAS,MÉTODOS DIAGNÓSTICOS POR IMAGEM,"PROCEDIMENTOS DIAGNÓSTICOS E
TERAPÊUTICOS"
UROGRAFIA VENOSA COM BEXIGA PRÉ E PÓS-MICCIONAL,,,,Seg. Ambulatorial,HCO,HSO,REF,,,RADIOGRAFIAS,MÉTODOS DIAGNÓSTICOS POR IMAGEM,"PROCEDIMENTOS DIAGNÓSTICOS E
TERAPÊUTICOS"
UROGRAFIA VENOSA COM NEFROTOMOGRAFIA,,,,Seg. Ambulatorial,HCO,HSO,REF,,,RADIOGRAFIAS,MÉTODOS DIAGNÓSTICOS POR IMAGEM,"PROCEDIMENTOS DIAGNÓSTICOS E
TERAPÊUTICOS"
UROGRAFIA VENOSA MINUTADA 1-2-3,,,,Seg. Ambulatorial,HCO,HSO,REF,,,RADIOGRAFIAS,MÉTODOS DIAGNÓSTICOS POR IMAGEM,"PROCEDIMENTOS DIAGNÓSTICOS E
TERAPÊUTICOS"
ABLAÇÃO PERCUTÂNEA POR RADIOFREQUÊNCIA PARA TRATAMENTO DE OSTEOMA OSTEÓIDE,,,,,HCO,HSO,REF,PAC,,"MÉTODOS INTERVENCIONISTAS
DIAGNÓSTICOS E TERAPÊUTICOS POR
IMAGEM",MÉTODOS DIAGNÓSTICOS POR IMAGEM,"PROCEDIMENTOS DIAGNÓSTICOS E
TERAPÊUTICOS"
ANGIOPLASTIA ARTERIAL OU VENOSA,,,,,HCO,HSO,REF,PAC,,"MÉTODOS INTERVENCIONISTAS
DIAGNÓSTICOS E TERAPÊUTICOS POR
IMAGEM",MÉTODOS DIAGNÓSTICOS POR IMAGEM,"PROCEDIMENTOS DIAGNÓSTICOS E
TERAPÊUTICOS"
"ANGIOPLASTIA EM ENXERTOS VENOSOS E/OU ARTERIAIS COM OU SEM IMPLANTE DE STENT COM OU SEM
USO DE DISPOSITIVO DE PROTEÇÃO EMBÓLICA DISTAL",,,,,HCO,HSO,REF,PAC,,"MÉTODOS INTERVENCIONISTAS
DIAGNÓSTICOS E TERAPÊUTICOS POR
IMAGEM",MÉTODOS DIAGNÓSTICOS POR IMAGEM,"PROCEDIMENTOS DIAGNÓSTICOS E
TERAPÊUTICOS"
ANGIOPLASTIA TRANSLUMINAL PERCUTÂNEA,,,,,HCO,HSO,REF,PAC,,"MÉTODOS INTERVENCIONISTAS
DIAGNÓSTICOS E TERAPÊUTICOS POR
IMAGEM",MÉTODOS DIAGNÓSTICOS POR IMAGEM,"PROCEDIMENTOS DIAGNÓSTICOS E
TERAPÊUTICOS"
ATERECTOMIA PERCUTÂNEA ORIENTADA POR RX,,,,,HCO,HSO,REF,PAC,,"MÉTODOS INTERVENCIONISTAS
DIAGNÓSTICOS E TERAPÊUTICOS POR
IMAGEM",MÉTODOS DIAGNÓSTICOS POR IMAGEM,"PROCEDIMENTOS DIAGNÓSTICOS E
TERAPÊUTICOS"
CATETERISMO ARTERIAL PARA QUIMIOTERAPIA,,,,,HCO,HSO,REF,,,"MÉTODOS INTERVENCIONISTAS
DIAGNÓSTICOS E TERAPÊUTICOS POR
IMAGEM",MÉTODOS DIAGNÓSTICOS POR IMAGEM,"PROCEDIMENTOS DIAGNÓSTICOS E
TERAPÊUTICOS"
"COLECISTOSTOMIA PERCUTÂNEA ORIENTADA POR RX, US OU TC",,,,,HCO,HSO,REF,PAC,,"MÉTODOS INTERVENCIONISTAS
DIAGNÓSTICOS E TERAPÊUTICOS POR
IMAGEM",MÉTODOS DIAGNÓSTICOS POR IMAGEM,"PROCEDIMENTOS DIAGNÓSTICOS E
TERAPÊUTICOS"
COLOCAÇÃO DE CATETER VENOSO CENTRAL OU PORTOCATH,,,,,HCO,HSO,REF,PAC,,"MÉTODOS INTERVENCIONISTAS
DIAGNÓSTICOS E TERAPÊUTICOS POR
IMAGEM",MÉTODOS DIAGNÓSTICOS POR IMAGEM,"PROCEDIMENTOS DIAGNÓSTICOS E
TERAPÊUTICOS"
COLOCAÇÃO DE FILTRO DE VCI PARA PREVENÇÃO DE TEP,,,,,HCO,HSO,REF,PAC,,"MÉTODOS INTERVENCIONISTAS
DIAGNÓSTICOS E TERAPÊUTICOS POR
IMAGEM",MÉTODOS DIAGNÓSTICOS POR IMAGEM,"PROCEDIMENTOS DIAGNÓSTICOS E
TERAPÊUTICOS"
