0,1,2,3,4,5,6,7,8,9,10,11,12
PROCEDIMENTO,"RN
(alteração)",VIGÊNCIA,Seg. Odontológica,Seg. Ambulatorial,HCO,HSO,REF,PAC,DUT,SUBGRUPO,GRUPO,CAPÍTULO
QUIMIOTERAPIA SISTÊMICA COM ISOLAMENTO PROTETOR,,,,,HCO,HSO,REF,PAC,,"MÉTODOS INTERVENCIONISTAS
DIAGNÓSTICOS E TERAPÊUTICOS POR
IMAGEM",MÉTODOS DIAGNÓSTICOS POR IMAGEM,"PROCEDIMENTOS DIAGNÓSTICOS E
TERAPÊUTICOS"
RADIOEMBOLIZAÇÃO HEPÁTICA (COM DIRETRIZ DE UTILIZAÇÃO),542/2022,01/09/2022,,,HCO,HSO,REF,PAC,155,"MÉTODOS INTERVENCIONISTAS
DIAGNÓSTICOS E TERAPÊUTICOS POR
IMAGEM",MÉTODOS DIAGNÓSTICOS POR IMAGEM,"PROCEDIMENTOS DIAGNÓSTICOS E
TERAPÊUTICOS"
REPERMEABILIZAÇÃO/RECANALIZAÇÃO TUBÁRIA - EXCETO PARA REVERSÃO DE LAQUEADURA TUBÁRIA,,,,,HCO,HSO,REF,PAC,,"MÉTODOS INTERVENCIONISTAS
DIAGNÓSTICOS E TERAPÊUTICOS POR
IMAGEM",MÉTODOS DIAGNÓSTICOS POR IMAGEM,"PROCEDIMENTOS DIAGNÓSTICOS E
TERAPÊUTICOS"
RECANALIZAÇÃO TUBÁRIA LAPAROSCÓPICA - EXCETO PARA REVERSÃO DE LAQUEADURA TUBÁRIA,,,,,HCO,HSO,REF,PAC,,"MÉTODOS INTERVENCIONISTAS
DIAGNÓSTICOS E TERAPÊUTICOS POR
IMAGEM",MÉTODOS DIAGNÓSTICOS POR IMAGEM,"PROCEDIMENTOS DIAGNÓSTICOS E
TERAPÊUTICOS"
"RETIRADA PERCUTÂNEA DE CÁLCULOS BILIARES ORIENTADA POR RX, US OU TC",,,,,HCO,HSO,REF,PAC,,"MÉTODOS INTERVENCIONISTAS
DIAGNÓSTICOS E TERAPÊUTICOS POR
IMAGEM",MÉTODOS DIAGNÓSTICOS POR IMAGEM,"PROCEDIMENTOS DIAGNÓSTICOS E
TERAPÊUTICOS"
"RETIRADA PERCUTÂNEA DE CÁLCULOS RENAIS ORIENTADA POR RX, US OU TC",,,,,HCO,HSO,REF,PAC,,"MÉTODOS INTERVENCIONISTAS
DIAGNÓSTICOS E TERAPÊUTICOS POR
IMAGEM",MÉTODOS DIAGNÓSTICOS POR IMAGEM,"PROCEDIMENTOS DIAGNÓSTICOS E
TERAPÊUTICOS"
RETIRADA PERCUTÂNEA DE CORPO ESTRANHO INTRAVASCULAR,,,,,HCO,HSO,REF,PAC,,"MÉTODOS INTERVENCIONISTAS
DIAGNÓSTICOS E TERAPÊUTICOS POR
IMAGEM",MÉTODOS DIAGNÓSTICOS POR IMAGEM,"PROCEDIMENTOS DIAGNÓSTICOS E
TERAPÊUTICOS"
SINUSOGRAFIA (ABSCESSOGRAFIA),,,,Seg. Ambulatorial,HCO,HSO,REF,PAC,,"MÉTODOS INTERVENCIONISTAS
DIAGNÓSTICOS E TERAPÊUTICOS POR
IMAGEM",MÉTODOS DIAGNÓSTICOS POR IMAGEM,"PROCEDIMENTOS DIAGNÓSTICOS E
TERAPÊUTICOS"
TIPS - ANASTOMOSE PORTO-CAVA PERCUTÂNEA PARA TRATAMENTO DE HIPERTENSÃO PORTAL,,,,,HCO,HSO,REF,PAC,,"MÉTODOS INTERVENCIONISTAS
DIAGNÓSTICOS E TERAPÊUTICOS POR
IMAGEM",MÉTODOS DIAGNÓSTICOS POR IMAGEM,"PROCEDIMENTOS DIAGNÓSTICOS E
TERAPÊUTICOS"
TRAQUEOTOMIA PERCUTÂNEA ORIENTADA POR RX OU TC,,,,,HCO,HSO,REF,PAC,,"MÉTODOS INTERVENCIONISTAS
DIAGNÓSTICOS E TERAPÊUTICOS POR
IMAGEM",MÉTODOS DIAGNÓSTICOS POR IMAGEM,"PROCEDIMENTOS DIAGNÓSTICOS E
TERAPÊUTICOS"
TRATAMENTO DO VASOESPASMO,,,,,HCO,HSO,REF,PAC,,"MÉTODOS INTERVENCIONISTAS
DIAGNÓSTICOS E TERAPÊUTICOS POR
IMAGEM",MÉTODOS DIAGNÓSTICOS POR IMAGEM,"PROCEDIMENTOS DIAGNÓSTICOS E
TERAPÊUTICOS"
TROMBECTOMIA,,,,,HCO,HSO,REF,PAC,,"MÉTODOS INTERVENCIONISTAS
DIAGNÓSTICOS E TERAPÊUTICOS POR
IMAGEM",MÉTODOS DIAGNÓSTICOS POR IMAGEM,"PROCEDIMENTOS DIAGNÓSTICOS E
TERAPÊUTICOS"
TROMBÓLISE MEDICAMENTOSA ARTERIAL OU VENOSA,,,,,HCO,HSO,REF,PAC,,"MÉTODOS INTERVENCIONISTAS
DIAGNÓSTICOS E TERAPÊUTICOS POR
IMAGEM",MÉTODOS DIAGNÓSTICOS POR IMAGEM,"PROCEDIMENTOS DIAGNÓSTICOS E
TERAPÊUTICOS"
DOPPLER COLORIDO ARTERIAL DE MEMBROS INFERIORES,,,,Seg. Ambulatorial,HCO,HSO,REF,,,ULTRASSONOGRAFIA DIAGNÓSTICA,MÉTODOS DIAGNÓSTICOS POR IMAGEM,"PROCEDIMENTOS DIAGNÓSTICOS E
TERAPÊUTICOS"
DOPPLER COLORIDO ARTERIAL DE MEMBROS SUPERIORES,,,,Seg. Ambulatorial,HCO,HSO,REF,,,ULTRASSONOGRAFIA DIAGNÓSTICA,MÉTODOS DIAGNÓSTICOS POR IMAGEM,"PROCEDIMENTOS DIAGNÓSTICOS E
TERAPÊUTICOS"
DOPPLER COLORIDO DE AORTA E ARTÉRIAS RENAIS,,,,Seg. Ambulatorial,HCO,HSO,REF,,,ULTRASSONOGRAFIA DIAGNÓSTICA,MÉTODOS DIAGNÓSTICOS POR IMAGEM,"PROCEDIMENTOS DIAGNÓSTICOS E
TERAPÊUTICOS"
DOPPLER COLORIDO DE AORTA E ILÍACAS,,,,Seg. Ambulatorial,HCO,HSO,REF,,,ULTRASSONOGRAFIA DIAGNÓSTICA,MÉTODOS DIAGNÓSTICOS POR IMAGEM,"PROCEDIMENTOS DIAGNÓSTICOS E
TERAPÊUTICOS"
DOPPLER COLORIDO DE ARTÉRIAS VISCERAIS (MESENTÉRICAS SUPERIOR E INFERIOR E TRONCO CELÍACO),,,,Seg. Ambulatorial,HCO,HSO,REF,,,ULTRASSONOGRAFIA DIAGNÓSTICA,MÉTODOS DIAGNÓSTICOS POR IMAGEM,"PROCEDIMENTOS DIAGNÓSTICOS E
TERAPÊUTICOS"
DOPPLER COLORIDO DE HEMANGIOMA,,,,Seg. Ambulatorial,HCO,HSO,REF,,,ULTRASSONOGRAFIA DIAGNÓSTICA,MÉTODOS DIAGNÓSTICOS POR IMAGEM,"PROCEDIMENTOS DIAGNÓSTICOS E
TERAPÊUTICOS"
