0,1,2,3,4,5,6,7,8,9,10,11,12
PROCEDIMENTO,"RN
(alteração)",VIGÊNCIA,Seg. Odontológica,Seg. Ambulatorial,HCO,HSO,REF,PAC,DUT,SUBGRUPO,GRUPO,CAPÍTULO
TRATAMENTO CIRURGICO ALONGAMENTO COM OU SEM FIXADOR EXTERNO (DINAMICO OU NÃO),,,,,HCO,HSO,REF,,,PROCEDIMENTOS GERAIS,"SISTEMA MÚSCULO-ESQUELÉTICO E
ARTICULAÇÕES",PROCEDIMENTOS CIRÚRGICOS E INVASIVOS
TRATAMENTO CIRÚRGICO DA ARTROSE COM OU SEM FIXADOR EXTERNO (DINÂMICO OU NÃO),,,,,HCO,HSO,REF,,,PROCEDIMENTOS GERAIS,"SISTEMA MÚSCULO-ESQUELÉTICO E
ARTICULAÇÕES",PROCEDIMENTOS CIRÚRGICOS E INVASIVOS
TRATAMENTO CIRÚRGICO DA DESARTICULAÇÃO,,,,,HCO,HSO,REF,,,PROCEDIMENTOS GERAIS,"SISTEMA MÚSCULO-ESQUELÉTICO E
ARTICULAÇÕES",PROCEDIMENTOS CIRÚRGICOS E INVASIVOS
TRATAMENTO CIRÚRGICO DA OSTEOMIELITE,,,,,HCO,HSO,REF,,,PROCEDIMENTOS GERAIS,"SISTEMA MÚSCULO-ESQUELÉTICO E
ARTICULAÇÕES",PROCEDIMENTOS CIRÚRGICOS E INVASIVOS
TRATAMENTO CIRÚRGICO DA PSEUDOARTROSE COM OU SEM FIXADOR EXTERNO (DINÂMICO OU NÃO),,,,,HCO,HSO,REF,,,PROCEDIMENTOS GERAIS,"SISTEMA MÚSCULO-ESQUELÉTICO E
ARTICULAÇÕES",PROCEDIMENTOS CIRÚRGICOS E INVASIVOS
TRATAMENTO CIRÚRGICO DE FRATURA COM OU SEM FIXADOR EXTERNO (DINÂMICO OU NÃO),,,,,HCO,HSO,REF,,,PROCEDIMENTOS GERAIS,"SISTEMA MÚSCULO-ESQUELÉTICO E
ARTICULAÇÕES",PROCEDIMENTOS CIRÚRGICOS E INVASIVOS
TRATAMENTO CIRÚRGICO DE FRATURA VICIOSAMENTE CONSOLIDADA,,,,,HCO,HSO,REF,,,PROCEDIMENTOS GERAIS,"SISTEMA MÚSCULO-ESQUELÉTICO E
ARTICULAÇÕES",PROCEDIMENTOS CIRÚRGICOS E INVASIVOS
TRATAMENTO CIRÚRGICO DE LESÕES LIGAMENTARES (AGUDAS OU CRÔNICAS),,,,,HCO,HSO,REF,,,PROCEDIMENTOS GERAIS,"SISTEMA MÚSCULO-ESQUELÉTICO E
ARTICULAÇÕES",PROCEDIMENTOS CIRÚRGICOS E INVASIVOS
TRATAMENTO CIRÚRGICO DE LUXAÇÃO E/OU AVULSÕES,,,,,HCO,HSO,REF,,,PROCEDIMENTOS GERAIS,"SISTEMA MÚSCULO-ESQUELÉTICO E
ARTICULAÇÕES",PROCEDIMENTOS CIRÚRGICOS E INVASIVOS
TRATAMENTO CONSERVADOR DE FRATURA DE OSSOS,,,,Seg. Ambulatorial,HCO,HSO,REF,,,PROCEDIMENTOS GERAIS,"SISTEMA MÚSCULO-ESQUELÉTICO E
ARTICULAÇÕES",PROCEDIMENTOS CIRÚRGICOS E INVASIVOS
TUMOR ÓSSEO - TRATAMENTO CIRURGICO,,,,,HCO,HSO,REF,,,PROCEDIMENTOS GERAIS,"SISTEMA MÚSCULO-ESQUELÉTICO E
ARTICULAÇÕES",PROCEDIMENTOS CIRÚRGICOS E INVASIVOS
ARTRODESE DA COLUNA C/ INSTRUMENTAÇÃO,,,,,HCO,HSO,REF,,,COLUNA VERTEBRAL,"SISTEMA MÚSCULO-ESQUELÉTICO E
ARTICULAÇÕES",PROCEDIMENTOS CIRÚRGICOS E INVASIVOS
ARTRODESE DE COLUNA VIA ANTERIOR OU PÓSTERO LATERAL - TRATAMENTO CIRÚRGICO,,,,,HCO,HSO,REF,,,COLUNA VERTEBRAL,"SISTEMA MÚSCULO-ESQUELÉTICO E
ARTICULAÇÕES",PROCEDIMENTOS CIRÚRGICOS E INVASIVOS
ARTROPLASTIA DISCAL DE COLUNA VERTEBRAL (COM DIRETRIZ DE UTILIZAÇÃO),,,,,HCO,HSO,REF,,133,COLUNA VERTEBRAL,"SISTEMA MÚSCULO-ESQUELÉTICO E
ARTICULAÇÕES",PROCEDIMENTOS CIRÚRGICOS E INVASIVOS
BIÓPSIA CIRÚRGICA DA COLUNA,,,,,HCO,HSO,REF,,,COLUNA VERTEBRAL,"SISTEMA MÚSCULO-ESQUELÉTICO E
ARTICULAÇÕES",PROCEDIMENTOS CIRÚRGICOS E INVASIVOS
BIÓPSIA DE CORPO VERTEBRAL COM AGULHA,,,,,HCO,HSO,REF,,,COLUNA VERTEBRAL,"SISTEMA MÚSCULO-ESQUELÉTICO E
ARTICULAÇÕES",PROCEDIMENTOS CIRÚRGICOS E INVASIVOS
CIRURGIA ENDOSCÓPICA DA COLUNA VERTEBRAL - HÉRNIA DE DISCO LOMBAR,,,,,HCO,HSO,REF,,,COLUNA VERTEBRAL,"SISTEMA MÚSCULO-ESQUELÉTICO E
ARTICULAÇÕES",PROCEDIMENTOS CIRÚRGICOS E INVASIVOS
CORDOTOMIA - MIELOTOMIA,,,,,HCO,HSO,REF,,,COLUNA VERTEBRAL,"SISTEMA MÚSCULO-ESQUELÉTICO E
ARTICULAÇÕES",PROCEDIMENTOS CIRÚRGICOS E INVASIVOS
DERIVAÇÃO LOMBAR EXTERNA,,,,,HCO,HSO,REF,,,COLUNA VERTEBRAL,"SISTEMA MÚSCULO-ESQUELÉTICO E
ARTICULAÇÕES",PROCEDIMENTOS CIRÚRGICOS E INVASIVOS
