0,1,2,3,4,5,6,7,8,9,10,11,12
PROCEDIMENTO,"RN
(alteração)",VIGÊNCIA,Seg. Odontológica,Seg. Ambulatorial,HCO,HSO,REF,PAC,DUT,SUBGRUPO,GRUPO,CAPÍTULO
SESSÃO COM PSICÓLOGO,541/2022,01/08/2022,,Seg. Ambulatorial,,,REF,,,"CONSULTAS, VISITAS HOSPITALARES OU
ACOMPANHAMENTO DE PACIENTES",PROCEDIMENTOS GERAIS,PROCEDIMENTOS GERAIS
CONSULTA/AVALIAÇÃO COM FONOAUDIÓLOGO,541/2022,01/08/2022,,Seg. Ambulatorial,,,REF,,,"CONSULTAS, VISITAS HOSPITALARES OU
ACOMPANHAMENTO DE PACIENTES",PROCEDIMENTOS GERAIS,PROCEDIMENTOS GERAIS
SESSÃO COM FONOAUDIÓLOGO,541/2022,01/08/2022,,Seg. Ambulatorial,,,REF,,,"CONSULTAS, VISITAS HOSPITALARES OU
ACOMPANHAMENTO DE PACIENTES",PROCEDIMENTOS GERAIS,PROCEDIMENTOS GERAIS
CONSULTA COM NUTRICIONISTA (COM DIRETRIZ DE UTILIZAÇÃO),,,,Seg. Ambulatorial,,,REF,,103,"CONSULTAS, VISITAS HOSPITALARES OU
ACOMPANHAMENTO DE PACIENTES",PROCEDIMENTOS GERAIS,PROCEDIMENTOS GERAIS
CONSULTA/AVALIAÇÃO COM TERAPEUTA OCUPACIONAL,541/2022,01/08/2022,,Seg. Ambulatorial,,,REF,,,"CONSULTAS, VISITAS HOSPITALARES OU
ACOMPANHAMENTO DE PACIENTES",PROCEDIMENTOS GERAIS,PROCEDIMENTOS GERAIS
SESSÃO COM TERAPEUTA OCUPACIONAL,541/2022,01/08/2022,,Seg. Ambulatorial,,,REF,,,"CONSULTAS, VISITAS HOSPITALARES OU
ACOMPANHAMENTO DE PACIENTES",PROCEDIMENTOS GERAIS,PROCEDIMENTOS GERAIS
"TRANSPORTE EXTRA-HOSPITALAR DE PACIENTES GRAVES COM ACOMPANHAMENTO MÉDICO, DO
ESTABELECIMENTO HOSPITALAR DE ORIGEM PARA OUTRO ESTABELECIMENTO DE SAÚDE",,,,,HCO,HSO,REF,,,"CONSULTAS, VISITAS HOSPITALARES OU
ACOMPANHAMENTO DE PACIENTES",PROCEDIMENTOS GERAIS,PROCEDIMENTOS GERAIS
VISITA HOSPITALAR,,,,,HCO,HSO,REF,,,"CONSULTAS, VISITAS HOSPITALARES OU
ACOMPANHAMENTO DE PACIENTES",PROCEDIMENTOS GERAIS,PROCEDIMENTOS GERAIS
ACOMPANHAMENTO CLÍNICO AMBULATORIAL PÓS-TRANSPLANTE DE CÓRNEA,,,,,HCO,HSO,REF,,,AVALIAÇÕES/ACOMPANHAMENTOS,"PROCEDIMENTOS CLÍNICOS AMBULATORIAIS
E HOSPITALARES","PROCEDIMENTOS CLÍNICOS AMBULATORIAIS
E HOSPITALARES"
ACOMPANHAMENTO CLÍNICO AMBULATORIAL PÓS-TRANSPLANTE DE MEDULA ÓSSEA,,,,,HCO,HSO,REF,,,AVALIAÇÕES/ACOMPANHAMENTOS,"PROCEDIMENTOS CLÍNICOS AMBULATORIAIS
E HOSPITALARES","PROCEDIMENTOS CLÍNICOS AMBULATORIAIS
E HOSPITALARES"
ACOMPANHAMENTO CLÍNICO AMBULATORIAL PÓS-TRANSPLANTE HEPÁTICO,546/2022,03/10/2022,,,HCO,HSO,REF,,,AVALIAÇÕES/ACOMPANHAMENTOS,"PROCEDIMENTOS CLÍNICOS AMBULATORIAIS
E HOSPITALARES","PROCEDIMENTOS CLÍNICOS AMBULATORIAIS
E HOSPITALARES"
ACOMPANHAMENTO CLÍNICO AMBULATORIAL PÓS-TRANSPLANTE RENAL,,,,,HCO,HSO,REF,,,AVALIAÇÕES/ACOMPANHAMENTOS,"PROCEDIMENTOS CLÍNICOS AMBULATORIAIS
E HOSPITALARES","PROCEDIMENTOS CLÍNICOS AMBULATORIAIS
E HOSPITALARES"
"ACOMPANHAMENTO CLÍNICO DE TRANSPLANTE HEPÁTICO NO PERÍODO DE INTERNAÇÃO DO RECEPTOR E
DO DOADOR",546/2022,03/10/2022,,,HCO,HSO,REF,PAC,,AVALIAÇÕES/ACOMPANHAMENTOS,"PROCEDIMENTOS CLÍNICOS AMBULATORIAIS
E HOSPITALARES","PROCEDIMENTOS CLÍNICOS AMBULATORIAIS
E HOSPITALARES"
"ACOMPANHAMENTO CLÍNICO DE TRANSPLANTE RENAL NO PERÍODO DE INTERNAÇÃO DO RECEPTOR E DO
DOADOR",,,,,HCO,HSO,REF,PAC,,AVALIAÇÕES/ACOMPANHAMENTOS,"PROCEDIMENTOS CLÍNICOS AMBULATORIAIS
E HOSPITALARES","PROCEDIMENTOS CLÍNICOS AMBULATORIAIS
E HOSPITALARES"
AVALIAÇÃO CLÍNICA DIARIA ENTERAL E/OU PARENTERAL,,,,,HCO,HSO,REF,,,AVALIAÇÕES/ACOMPANHAMENTOS,"PROCEDIMENTOS CLÍNICOS AMBULATORIAIS
E HOSPITALARES","PROCEDIMENTOS CLÍNICOS AMBULATORIAIS
E HOSPITALARES"
"AVALIAÇÃO CLÍNICA E ELETRÔNICA DE PACIENTE PORTADOR DE DISPOSITIVO CARDÍACO ELETRÔNICO
IMPLANTÁVEL (MARCA-PASSO, ESTIMULADOR MULTISSÍTIO/RESSINCRONIZADOR, DESFIBRILADOR OU
MONITOR DE EVENTOS)",,,,Seg. Ambulatorial,HCO,HSO,REF,,,AVALIAÇÕES/ACOMPANHAMENTOS,"PROCEDIMENTOS CLÍNICOS AMBULATORIAIS
E HOSPITALARES","PROCEDIMENTOS CLÍNICOS AMBULATORIAIS
E HOSPITALARES"
CARDIOVERSÃO ELÉTRICA COM ELETROCARDIOGRAMA,,,,Seg. Ambulatorial,HCO,HSO,REF,,,AVALIAÇÕES/ACOMPANHAMENTOS,"PROCEDIMENTOS CLÍNICOS AMBULATORIAIS
E HOSPITALARES","PROCEDIMENTOS CLÍNICOS AMBULATORIAIS
E HOSPITALARES"
CONTROLE DE BIOFILME DENTAL (PLACA BACTERIANA),,,Seg. Odontológica,,,,,,,AVALIAÇÕES/ACOMPANHAMENTOS,"PROCEDIMENTOS CLÍNICOS AMBULATORIAIS
E HOSPITALARES","PROCEDIMENTOS CLÍNICOS AMBULATORIAIS
E HOSPITALARES"
"FORNECIMENTO DE EQUIPAMENTOS COLETORES E ADJUVANTES PARA COLOSTOMIA, ILEOSTOMIA E
UROSTOMIA, SONDA VESICAL DE DEMORA E COLETOR DE URINA (COM PROTOCOLO DE UTILIZAÇÃO -
PROUT)",,,,Seg. Ambulatorial,HCO,HSO,REF,,,AVALIAÇÕES/ACOMPANHAMENTOS,"PROCEDIMENTOS CLÍNICOS AMBULATORIAIS
E HOSPITALARES","PROCEDIMENTOS CLÍNICOS AMBULATORIAIS
E HOSPITALARES"
