0,1,2,3,4,5,6,7,8,9,10,11,12
PROCEDIMENTO,"RN
(alteração)",VIGÊNCIA,Seg. Odontológica,Seg. Ambulatorial,HCO,HSO,REF,PAC,DUT,SUBGRUPO,GRUPO,CAPÍTULO
"DENGUE, ANTICORPOS IGM, SORO (TESTE RÁPIDO)",,,,Seg. Ambulatorial,HCO,HSO,REF,,,IMUNOLOGIA,PROCEDIMENTOS LABORATORIAIS,"PROCEDIMENTOS DIAGNÓSTICOS E
TERAPÊUTICOS"
"ECHOVÍRUS, ANTICORPOS",,,,Seg. Ambulatorial,HCO,HSO,REF,,,IMUNOLOGIA,PROCEDIMENTOS LABORATORIAIS,"PROCEDIMENTOS DIAGNÓSTICOS E
TERAPÊUTICOS"
ENSAIO PARA DOSAGEM DA LIBERAÇÃO DE INTERFERON GAMA (COM DIRETRIZ DE UTILIZAÇÃO),,,,Seg. Ambulatorial,HCO,HSO,REF,,140,IMUNOLOGIA,PROCEDIMENTOS LABORATORIAIS,"PROCEDIMENTOS DIAGNÓSTICOS E
TERAPÊUTICOS"
"ENTAMOEBA HISTOLYTICA, ANTICORPOS IGG - PESQUISA E/OU DOSAGEM (AMEBÍASE)",,,,Seg. Ambulatorial,HCO,HSO,REF,,,IMUNOLOGIA,PROCEDIMENTOS LABORATORIAIS,"PROCEDIMENTOS DIAGNÓSTICOS E
TERAPÊUTICOS"
"ENTAMOEBA HISTOLYTICA, ANTICORPOS IGM - PESQUISA E/OU DOSAGEM (AMEBÍASE)",,,,Seg. Ambulatorial,HCO,HSO,REF,,,IMUNOLOGIA,PROCEDIMENTOS LABORATORIAIS,"PROCEDIMENTOS DIAGNÓSTICOS E
TERAPÊUTICOS"
"EPSTEIN-BARR VÍRUS, ANTI-EA (ANTÍGENO PRECOCE), IGG",,,,Seg. Ambulatorial,HCO,HSO,REF,,,IMUNOLOGIA,PROCEDIMENTOS LABORATORIAIS,"PROCEDIMENTOS DIAGNÓSTICOS E
TERAPÊUTICOS"
"EPSTEIN-BARR VÍRUS, ANTI-EBNA (ANTÍGENO NUCLEAR), IGG",,,,Seg. Ambulatorial,HCO,HSO,REF,,,IMUNOLOGIA,PROCEDIMENTOS LABORATORIAIS,"PROCEDIMENTOS DIAGNÓSTICOS E
TERAPÊUTICOS"
"EPSTEIN-BARR VÍRUS, ANTI-VCA (ANTÍGENO DO CAPSÍDEO VIRAL), IGG E/OU IGM",,,,Seg. Ambulatorial,HCO,HSO,REF,,,IMUNOLOGIA,PROCEDIMENTOS LABORATORIAIS,"PROCEDIMENTOS DIAGNÓSTICOS E
TERAPÊUTICOS"
"EQUINOCOCOSE, ANTICORPOS TOTAIS E/ OU IGG",,,,Seg. Ambulatorial,HCO,HSO,REF,,,IMUNOLOGIA,PROCEDIMENTOS LABORATORIAIS,"PROCEDIMENTOS DIAGNÓSTICOS E
TERAPÊUTICOS"
"FATOR ANTINÚCLEO, (FAN)",,,,Seg. Ambulatorial,HCO,HSO,REF,,,IMUNOLOGIA,PROCEDIMENTOS LABORATORIAIS,"PROCEDIMENTOS DIAGNÓSTICOS E
TERAPÊUTICOS"
"FATOR B (C3 ATIVADOR, C3A; C3 PROATIVADOR, C3PA)",,,,Seg. Ambulatorial,HCO,HSO,REF,,,IMUNOLOGIA,PROCEDIMENTOS LABORATORIAIS,"PROCEDIMENTOS DIAGNÓSTICOS E
TERAPÊUTICOS"
FATOR REUMATÓIDE,,,,Seg. Ambulatorial,HCO,HSO,REF,,,IMUNOLOGIA,PROCEDIMENTOS LABORATORIAIS,"PROCEDIMENTOS DIAGNÓSTICOS E
TERAPÊUTICOS"
"FATOR REUMATÓIDE, TESTE DO LÁTEX",,,,Seg. Ambulatorial,HCO,HSO,REF,,,IMUNOLOGIA,PROCEDIMENTOS LABORATORIAIS,"PROCEDIMENTOS DIAGNÓSTICOS E
TERAPÊUTICOS"
FILARIA SOROLOGIA,,,,Seg. Ambulatorial,HCO,HSO,REF,,,IMUNOLOGIA,PROCEDIMENTOS LABORATORIAIS,"PROCEDIMENTOS DIAGNÓSTICOS E
TERAPÊUTICOS"
"GIARDIA, SOROLOGIA",,,,Seg. Ambulatorial,HCO,HSO,REF,,,IMUNOLOGIA,PROCEDIMENTOS LABORATORIAIS,"PROCEDIMENTOS DIAGNÓSTICOS E
TERAPÊUTICOS"
"HAEMOPHILUS INFLUENZAE - PESQUISA DE ANTICORPOS - PESQUISA E/OU DOSAGEM EM LÍQUIDOS
ORGÂNICOS",,,,Seg. Ambulatorial,HCO,HSO,REF,,,IMUNOLOGIA,PROCEDIMENTOS LABORATORIAIS,"PROCEDIMENTOS DIAGNÓSTICOS E
TERAPÊUTICOS"
HELICOBACTER PYLORI - IGA - PESQUISA E/OU DOSAGEM,,,,Seg. Ambulatorial,HCO,HSO,REF,,,IMUNOLOGIA,PROCEDIMENTOS LABORATORIAIS,"PROCEDIMENTOS DIAGNÓSTICOS E
TERAPÊUTICOS"
HELICOBACTER PYLORI - IGG - PESQUISA E/OU DOSAGEM,,,,Seg. Ambulatorial,HCO,HSO,REF,,,IMUNOLOGIA,PROCEDIMENTOS LABORATORIAIS,"PROCEDIMENTOS DIAGNÓSTICOS E
TERAPÊUTICOS"
HELICOBACTER PYLORI - IGM - PESQUISA E/OU DOSAGEM,,,,Seg. Ambulatorial,HCO,HSO,REF,,,IMUNOLOGIA,PROCEDIMENTOS LABORATORIAIS,"PROCEDIMENTOS DIAGNÓSTICOS E
TERAPÊUTICOS"
