0,1,2,3,4,5,6,7,8,9,10,11,12
PROCEDIMENTO,"RN
(alteração)",VIGÊNCIA,Seg. Odontológica,Seg. Ambulatorial,HCO,HSO,REF,PAC,DUT,SUBGRUPO,GRUPO,CAPÍTULO
EXCISÃO COM RECONSTRUÇÃO COM OU SEM RETALHOS,,,,,HCO,HSO,REF,,,LÁBIO,CABEÇA E PESCOÇO,PROCEDIMENTOS CIRÚRGICOS E INVASIVOS
EXCISÃO EM CUNHA,,,,Seg. Ambulatorial,HCO,HSO,REF,,,LÁBIO,CABEÇA E PESCOÇO,PROCEDIMENTOS CIRÚRGICOS E INVASIVOS
FRENOTOMIA/FRENULOTOMIA LABIAL,,,Seg. Odontológica,Seg. Ambulatorial,HCO,HSO,REF,,,LÁBIO,CABEÇA E PESCOÇO,PROCEDIMENTOS CIRÚRGICOS E INVASIVOS
FRENULECTOMIA LABIAL,,,Seg. Odontológica,Seg. Ambulatorial,HCO,HSO,REF,,,LÁBIO,CABEÇA E PESCOÇO,PROCEDIMENTOS CIRÚRGICOS E INVASIVOS
QUEILOPLASTIA PARA FISSURA LABIAL,,,,,HCO,HSO,REF,,,LÁBIO,CABEÇA E PESCOÇO,PROCEDIMENTOS CIRÚRGICOS E INVASIVOS
RECONSTRUÇÃO DE SULCO GENGIVO-LABIAL,,,,,HCO,HSO,REF,,,LÁBIO,CABEÇA E PESCOÇO,PROCEDIMENTOS CIRÚRGICOS E INVASIVOS
RECONSTRUÇÃO TOTAL DO LÁBIO,,,,,HCO,HSO,REF,,,LÁBIO,CABEÇA E PESCOÇO,PROCEDIMENTOS CIRÚRGICOS E INVASIVOS
TRATAMENTO CIRÚRGICO DE HIPERTROFIA DO LÁBIO,,,,,HCO,HSO,REF,,,LÁBIO,CABEÇA E PESCOÇO,PROCEDIMENTOS CIRÚRGICOS E INVASIVOS
ADEQUAÇÃO DO MEIO BUCAL (COM DIRETRIZ DE UTILIZAÇÃO),,,Seg. Odontológica,,,,,,78,BOCA,CABEÇA E PESCOÇO,PROCEDIMENTOS CIRÚRGICOS E INVASIVOS
AJUSTE OCLUSAL POR ACRÉSCIMO,,,Seg. Odontológica,,,,,,,BOCA,CABEÇA E PESCOÇO,PROCEDIMENTOS CIRÚRGICOS E INVASIVOS
AJUSTE OCLUSAL POR DESGASTE SELETIVO,,,Seg. Odontológica,,,,,,,BOCA,CABEÇA E PESCOÇO,PROCEDIMENTOS CIRÚRGICOS E INVASIVOS
ALONGAMENTO CIRÚRGICO DO PALATO MOLE,,,,,HCO,HSO,REF,,,BOCA,CABEÇA E PESCOÇO,PROCEDIMENTOS CIRÚRGICOS E INVASIVOS
ALVEOLOPLASTIA,,,Seg. Odontológica,,,,,,,BOCA,CABEÇA E PESCOÇO,PROCEDIMENTOS CIRÚRGICOS E INVASIVOS
AMPUTAÇÃO RADICULAR COM OBTURAÇÃO RETRÓGRADA,,,Seg. Odontológica,,,,,,,BOCA,CABEÇA E PESCOÇO,PROCEDIMENTOS CIRÚRGICOS E INVASIVOS
AMPUTAÇÃO RADICULAR SEM OBTURAÇÃO RETRÓGRADA,,,Seg. Odontológica,,,,,,,BOCA,CABEÇA E PESCOÇO,PROCEDIMENTOS CIRÚRGICOS E INVASIVOS
APICETOMIA BIRRADICULARES COM OBTURAÇÃO RETRÓGRADA,,,Seg. Odontológica,,,,,,,BOCA,CABEÇA E PESCOÇO,PROCEDIMENTOS CIRÚRGICOS E INVASIVOS
APICETOMIA BIRRADICULARES SEM OBTURAÇÃO RETRÓGRADA,,,Seg. Odontológica,,,,,,,BOCA,CABEÇA E PESCOÇO,PROCEDIMENTOS CIRÚRGICOS E INVASIVOS
APICETOMIA MULTIRRADICULARES COM OBTURAÇÃO RETRÓGRADA,,,Seg. Odontológica,,,,,,,BOCA,CABEÇA E PESCOÇO,PROCEDIMENTOS CIRÚRGICOS E INVASIVOS
APICETOMIA MULTIRRADICULARES SEM OBTURAÇÃO RETRÓGRADA,,,Seg. Odontológica,,,,,,,BOCA,CABEÇA E PESCOÇO,PROCEDIMENTOS CIRÚRGICOS E INVASIVOS
