0,1,2,3,4,5,6,7,8,9,10,11,12
PROCEDIMENTO,"RN
(alteração)",VIGÊNCIA,Seg. Odontológica,Seg. Ambulatorial,HCO,HSO,REF,PAC,DUT,SUBGRUPO,GRUPO,CAPÍTULO
"SCHISTOSOMA MANSONI, PESQUISA DE OVOS EM FRAGMENTOS DE MUCOSA APÓS BIÓPSIA RETAL",,,,Seg. Ambulatorial,HCO,HSO,REF,,,COPROLOGIA,PROCEDIMENTOS LABORATORIAIS,"PROCEDIMENTOS DIAGNÓSTICOS E
TERAPÊUTICOS"
SUBSTÂNCIAS REDUTORAS NAS FEZES,,,,Seg. Ambulatorial,HCO,HSO,REF,,,COPROLOGIA,PROCEDIMENTOS LABORATORIAIS,"PROCEDIMENTOS DIAGNÓSTICOS E
TERAPÊUTICOS"
"SWAB ANAL, PESQUISA DE OVOS DE ENTEROBIUS VERMICULARIS",,,,Seg. Ambulatorial,HCO,HSO,REF,,,COPROLOGIA,PROCEDIMENTOS LABORATORIAIS,"PROCEDIMENTOS DIAGNÓSTICOS E
TERAPÊUTICOS"
"TRIPSINA NAS FEZES, PROVA DE DIGESTÃO DA GELATINA",,,,Seg. Ambulatorial,HCO,HSO,REF,,,COPROLOGIA,PROCEDIMENTOS LABORATORIAIS,"PROCEDIMENTOS DIAGNÓSTICOS E
TERAPÊUTICOS"
"ANTICORPO ANTIMIELOPEROXIDASE, MPO",,,,Seg. Ambulatorial,HCO,HSO,REF,,,HEMATOLOGIA LABORATORIAL,PROCEDIMENTOS LABORATORIAIS,"PROCEDIMENTOS DIAGNÓSTICOS E
TERAPÊUTICOS"
ANTICORPOS ANTIPLAQUETÁRIOS,,,,Seg. Ambulatorial,HCO,HSO,REF,,,HEMATOLOGIA LABORATORIAL,PROCEDIMENTOS LABORATORIAIS,"PROCEDIMENTOS DIAGNÓSTICOS E
TERAPÊUTICOS"
ANTICORPOS IRREGULARES,,,,Seg. Ambulatorial,HCO,HSO,REF,,,HEMATOLOGIA LABORATORIAL,PROCEDIMENTOS LABORATORIAIS,"PROCEDIMENTOS DIAGNÓSTICOS E
TERAPÊUTICOS"
"ANTICORPOS IRREGULARES, PESQUISA (MEIO SALINO A TEMPERATURA AMBIENTE E 37º E TESTE INDIRETO
DE COOMBS)",,,,Seg. Ambulatorial,HCO,HSO,REF,,,HEMATOLOGIA LABORATORIAL,PROCEDIMENTOS LABORATORIAIS,"PROCEDIMENTOS DIAGNÓSTICOS E
TERAPÊUTICOS"
ANTITROMBINA III,,,,Seg. Ambulatorial,HCO,HSO,REF,,,HEMATOLOGIA LABORATORIAL,PROCEDIMENTOS LABORATORIAIS,"PROCEDIMENTOS DIAGNÓSTICOS E
TERAPÊUTICOS"
ATIVADOR TISSULAR DE PLASMINOGÊNIO (TPA),,,,Seg. Ambulatorial,HCO,HSO,REF,,,HEMATOLOGIA LABORATORIAL,PROCEDIMENTOS LABORATORIAIS,"PROCEDIMENTOS DIAGNÓSTICOS E
TERAPÊUTICOS"
"BAÇO, EXAME DE ESFREGAÇO DE ASPIRADO",,,,Seg. Ambulatorial,HCO,HSO,REF,,,HEMATOLOGIA LABORATORIAL,PROCEDIMENTOS LABORATORIAIS,"PROCEDIMENTOS DIAGNÓSTICOS E
TERAPÊUTICOS"
BIÓPSIA DE MEDULA ÓSSEA,,,,Seg. Ambulatorial,HCO,HSO,REF,,,HEMATOLOGIA LABORATORIAL,PROCEDIMENTOS LABORATORIAIS,"PROCEDIMENTOS DIAGNÓSTICOS E
TERAPÊUTICOS"
"CITOQUÍMICA PARA CLASSIFICAR LEUCEMIA: ESTERASE INESPECÍFICA, FOSFATASE ALCALINA
LEUCOCITÁRIA, PAS, MIELOPEROXIDASE, SUDAN BLACK B, PERLS",,,,Seg. Ambulatorial,HCO,HSO,REF,,,HEMATOLOGIA LABORATORIAL,PROCEDIMENTOS LABORATORIAIS,"PROCEDIMENTOS DIAGNÓSTICOS E
TERAPÊUTICOS"
"COAGULOGRAMA (INCLUI: TEMPO DE SANGRAMENTO; TEMPO DE COAGULAÇÃO; TEMPO DE PROTROMBINA;
TEMPO DE TROMBOPLASTINA PARCIAL ATIVADA; E CONTAGEM DE PLAQUETAS)",,,,Seg. Ambulatorial,HCO,HSO,REF,,,HEMATOLOGIA LABORATORIAL,PROCEDIMENTOS LABORATORIAIS,"PROCEDIMENTOS DIAGNÓSTICOS E
TERAPÊUTICOS"
CONTAGEM DE RETICULÓCITOS,,,,Seg. Ambulatorial,HCO,HSO,REF,,,HEMATOLOGIA LABORATORIAL,PROCEDIMENTOS LABORATORIAIS,"PROCEDIMENTOS DIAGNÓSTICOS E
TERAPÊUTICOS"
DÍMERO-D (COM DIRETRIZ DE UTILIZAÇÃO),,,,Seg. Ambulatorial,HCO,HSO,REF,,19,HEMATOLOGIA LABORATORIAL,PROCEDIMENTOS LABORATORIAIS,"PROCEDIMENTOS DIAGNÓSTICOS E
TERAPÊUTICOS"
ENZIMAS ERITROCITÁRIAS,,,,Seg. Ambulatorial,HCO,HSO,REF,,,HEMATOLOGIA LABORATORIAL,PROCEDIMENTOS LABORATORIAIS,"PROCEDIMENTOS DIAGNÓSTICOS E
TERAPÊUTICOS"
"FALCIZAÇÃO, TESTE DE",,,,Seg. Ambulatorial,HCO,HSO,REF,,,HEMATOLOGIA LABORATORIAL,PROCEDIMENTOS LABORATORIAIS,"PROCEDIMENTOS DIAGNÓSTICOS E
TERAPÊUTICOS"
FATOR 4 PLAQUETÁRIO,,,,Seg. Ambulatorial,HCO,HSO,REF,,,HEMATOLOGIA LABORATORIAL,PROCEDIMENTOS LABORATORIAIS,"PROCEDIMENTOS DIAGNÓSTICOS E
TERAPÊUTICOS"
