0,1,2,3,4,5,6,7,8,9,10,11,12
PROCEDIMENTO,"RN
(alteração)",VIGÊNCIA,Seg. Odontológica,Seg. Ambulatorial,HCO,HSO,REF,PAC,DUT,SUBGRUPO,GRUPO,CAPÍTULO
RECONSTRUÇÃO COM RETALHOS DE GÁLEA APONEURÓTICA,,,,,HCO,HSO,REF,,,PROCEDIMENTOS,"PELE E TECIDO CELULAR SUBCUTÂNEO,
MUCOSAS E ANEXOS",PROCEDIMENTOS CIRÚRGICOS E INVASIVOS
"RETALHO CUTÂNEO, MUSCULAR OU COMPOSTO (INCLUINDO CARTILAGEM OU OSSO)",,,,,HCO,HSO,REF,,,PROCEDIMENTOS,"PELE E TECIDO CELULAR SUBCUTÂNEO,
MUCOSAS E ANEXOS",PROCEDIMENTOS CIRÚRGICOS E INVASIVOS
RETIRADA DE CORPO ESTRANHO SUBCUTÂNEO,,,,Seg. Ambulatorial,HCO,HSO,REF,,,PROCEDIMENTOS,"PELE E TECIDO CELULAR SUBCUTÂNEO,
MUCOSAS E ANEXOS",PROCEDIMENTOS CIRÚRGICOS E INVASIVOS
RETRAÇÃO CICATRICIAL DE ZONA DE FLEXÃO E EXTENSÃO DE MEMBROS SUPERIORES E INFERIORES,,,,,HCO,HSO,REF,,,PROCEDIMENTOS,"PELE E TECIDO CELULAR SUBCUTÂNEO,
MUCOSAS E ANEXOS",PROCEDIMENTOS CIRÚRGICOS E INVASIVOS
RETRAÇÃO DE APONEUROSE PALMAR (DUPUYTREN),,,,,HCO,HSO,REF,,,PROCEDIMENTOS,"PELE E TECIDO CELULAR SUBCUTÂNEO,
MUCOSAS E ANEXOS",PROCEDIMENTOS CIRÚRGICOS E INVASIVOS
SUTURA DE FERIMENTOS COM OU SEM DESBRIDAMENTO,,,,Seg. Ambulatorial,HCO,HSO,REF,,,PROCEDIMENTOS,"PELE E TECIDO CELULAR SUBCUTÂNEO,
MUCOSAS E ANEXOS",PROCEDIMENTOS CIRÚRGICOS E INVASIVOS
TERAPIA POR PRESSÃO NEGATIVA (COM DIRETRIZ DE UTILIZAÇÃO),,,,Seg. Ambulatorial,HCO,HSO,REF,,148,PROCEDIMENTOS,"PELE E TECIDO CELULAR SUBCUTÂNEO,
MUCOSAS E ANEXOS",PROCEDIMENTOS CIRÚRGICOS E INVASIVOS
TRANSECÇÃO DE RETALHO,,,,,HCO,HSO,REF,,,PROCEDIMENTOS,"PELE E TECIDO CELULAR SUBCUTÂNEO,
MUCOSAS E ANEXOS",PROCEDIMENTOS CIRÚRGICOS E INVASIVOS
TRANSFERÊNCIA INTERMEDIÁRIA DE RETALHO,,,,,HCO,HSO,REF,,,PROCEDIMENTOS,"PELE E TECIDO CELULAR SUBCUTÂNEO,
MUCOSAS E ANEXOS",PROCEDIMENTOS CIRÚRGICOS E INVASIVOS
TRATAMENTO CIRÚRGICO DA UNHA (ENXERTO),,,,Seg. Ambulatorial,HCO,HSO,REF,,,PROCEDIMENTOS,"PELE E TECIDO CELULAR SUBCUTÂNEO,
MUCOSAS E ANEXOS",PROCEDIMENTOS CIRÚRGICOS E INVASIVOS
"TRATAMENTO CIRÚRGICO DE HEMANGIOMAS, LINFANGIOMAS OU NEVUS",,,,,HCO,HSO,REF,,,PROCEDIMENTOS,"PELE E TECIDO CELULAR SUBCUTÂNEO,
MUCOSAS E ANEXOS",PROCEDIMENTOS CIRÚRGICOS E INVASIVOS
TRATAMENTO CIRÚRGICO DE BRIDAS CONSTRICTIVAS,,,,,HCO,HSO,REF,,,PROCEDIMENTOS,"PELE E TECIDO CELULAR SUBCUTÂNEO,
MUCOSAS E ANEXOS",PROCEDIMENTOS CIRÚRGICOS E INVASIVOS
TRATAMENTO CIRÚRGICO DO ABSCESSO DE UNHA (DRENAGEM),,,,Seg. Ambulatorial,HCO,HSO,REF,,,PROCEDIMENTOS,"PELE E TECIDO CELULAR SUBCUTÂNEO,
MUCOSAS E ANEXOS",PROCEDIMENTOS CIRÚRGICOS E INVASIVOS
TRATAMENTO DA MIIASE FURUNCULÓIDE,,,,Seg. Ambulatorial,HCO,HSO,REF,,,PROCEDIMENTOS,"PELE E TECIDO CELULAR SUBCUTÂNEO,
MUCOSAS E ANEXOS",PROCEDIMENTOS CIRÚRGICOS E INVASIVOS
TRATAMENTO DE ESCARAS OU ULCERAÇÕES COM RETALHOS CUTÂNEOS,,,,,HCO,HSO,REF,,,PROCEDIMENTOS,"PELE E TECIDO CELULAR SUBCUTÂNEO,
MUCOSAS E ANEXOS",PROCEDIMENTOS CIRÚRGICOS E INVASIVOS
TRATAMENTO DE ESCARAS OU ULCERAÇÕES COM RETALHOS MIOCUTÂNEOS OU MUSCULARES,,,,,HCO,HSO,REF,,,PROCEDIMENTOS,"PELE E TECIDO CELULAR SUBCUTÂNEO,
MUCOSAS E ANEXOS",PROCEDIMENTOS CIRÚRGICOS E INVASIVOS
TRATAMENTO DE FÍSTULA CUTÂNEA,,,,,HCO,HSO,REF,,,PROCEDIMENTOS,"PELE E TECIDO CELULAR SUBCUTÂNEO,
MUCOSAS E ANEXOS",PROCEDIMENTOS CIRÚRGICOS E INVASIVOS
BIÓPSIA DE LÁBIO (COM DIRETRIZ DE UTILIZAÇÃO),,,Seg. Odontológica,Seg. Ambulatorial,HCO,HSO,REF,,83,LÁBIO,CABEÇA E PESCOÇO,PROCEDIMENTOS CIRÚRGICOS E INVASIVOS
EXCISÃO COM PLÁSTICA DE VERMELHÃO,,,,,HCO,HSO,REF,,,LÁBIO,CABEÇA E PESCOÇO,PROCEDIMENTOS CIRÚRGICOS E INVASIVOS
