0,1,2,3,4,5,6,7,8,9,10,11,12
PROCEDIMENTO,"RN
(alteração)",VIGÊNCIA,Seg. Odontológica,Seg. Ambulatorial,HCO,HSO,REF,PAC,DUT,SUBGRUPO,GRUPO,CAPÍTULO
DEDO EM MARTELO - TRATAMENTO CIRÚRGICO,,,,,HCO,HSO,REF,,,MEMBROS SUPERIORES,"SISTEMA MÚSCULO-ESQUELÉTICO E
ARTICULAÇÕES",PROCEDIMENTOS CIRÚRGICOS E INVASIVOS
DEDO EM MARTELO - TRATAMENTO CONSERVADOR,,,,Seg. Ambulatorial,HCO,HSO,REF,,,MEMBROS SUPERIORES,"SISTEMA MÚSCULO-ESQUELÉTICO E
ARTICULAÇÕES",PROCEDIMENTOS CIRÚRGICOS E INVASIVOS
DESARTICULAÇÃO AO NÍVEL DO COTOVELO - TRATAMENTO CIRÚRGICO,,,,,HCO,HSO,REF,,,MEMBROS SUPERIORES,"SISTEMA MÚSCULO-ESQUELÉTICO E
ARTICULAÇÕES",PROCEDIMENTOS CIRÚRGICOS E INVASIVOS
ENXERTO ÓSSEO (PERDA DE SUBSTÂNCIA) - TRATAMENTO CIRÚRGICO,,,,,HCO,HSO,REF,,,MEMBROS SUPERIORES,"SISTEMA MÚSCULO-ESQUELÉTICO E
ARTICULAÇÕES",PROCEDIMENTOS CIRÚRGICOS E INVASIVOS
EXPLORAÇÃO CIRÚRGICA DE TENDÃO DE MÃO,,,,,HCO,HSO,REF,,,MEMBROS SUPERIORES,"SISTEMA MÚSCULO-ESQUELÉTICO E
ARTICULAÇÕES",PROCEDIMENTOS CIRÚRGICOS E INVASIVOS
FALANGIZAÇÃO,,,,,HCO,HSO,REF,,,MEMBROS SUPERIORES,"SISTEMA MÚSCULO-ESQUELÉTICO E
ARTICULAÇÕES",PROCEDIMENTOS CIRÚRGICOS E INVASIVOS
FIXADOR EXTERNO DINÂMICO COM OU SEM ALONGAMENTO - TRATAMENTO CIRÚRGICO,,,,,HCO,HSO,REF,,,MEMBROS SUPERIORES,"SISTEMA MÚSCULO-ESQUELÉTICO E
ARTICULAÇÕES",PROCEDIMENTOS CIRÚRGICOS E INVASIVOS
FRATURA (INCLUINDO DESCOLAMENTO EPIFISÁRIO) - REDUÇÃO INCRUENTA,,,,Seg. Ambulatorial,HCO,HSO,REF,,,MEMBROS SUPERIORES,"SISTEMA MÚSCULO-ESQUELÉTICO E
ARTICULAÇÕES",PROCEDIMENTOS CIRÚRGICOS E INVASIVOS
FRATURA (INCLUINDO DESCOLAMENTO EPIFISÁRIO) - TRATAMENTO CIRÚRGICO,,,,,HCO,HSO,REF,,,MEMBROS SUPERIORES,"SISTEMA MÚSCULO-ESQUELÉTICO E
ARTICULAÇÕES",PROCEDIMENTOS CIRÚRGICOS E INVASIVOS
FRATURA DE BENNETT - TRATAMENTO CIRÚRGICO,,,,Seg. Ambulatorial,HCO,HSO,REF,,,MEMBROS SUPERIORES,"SISTEMA MÚSCULO-ESQUELÉTICO E
ARTICULAÇÕES",PROCEDIMENTOS CIRÚRGICOS E INVASIVOS
FRATURA DE OSSO DO CARPO - REDUÇÃO CIRÚRGICA,,,,,HCO,HSO,REF,,,MEMBROS SUPERIORES,"SISTEMA MÚSCULO-ESQUELÉTICO E
ARTICULAÇÕES",PROCEDIMENTOS CIRÚRGICOS E INVASIVOS
FRATURA DE PUNHO - TRATAMENTO CONSERVADOR,,,,Seg. Ambulatorial,HCO,HSO,REF,,,MEMBROS SUPERIORES,"SISTEMA MÚSCULO-ESQUELÉTICO E
ARTICULAÇÕES",PROCEDIMENTOS CIRÚRGICOS E INVASIVOS
FRATURA DO CARPO - REDUÇÃO INCRUENTA,,,,Seg. Ambulatorial,HCO,HSO,REF,,,MEMBROS SUPERIORES,"SISTEMA MÚSCULO-ESQUELÉTICO E
ARTICULAÇÕES",PROCEDIMENTOS CIRÚRGICOS E INVASIVOS
FRATURA DO METACARPIANO - TRATAMENTO CONSERVADOR,,,,Seg. Ambulatorial,HCO,HSO,REF,,,MEMBROS SUPERIORES,"SISTEMA MÚSCULO-ESQUELÉTICO E
ARTICULAÇÕES",PROCEDIMENTOS CIRÚRGICOS E INVASIVOS
FRATURA E/OU LUXAÇÕES (INCLUINDO DESCOLAMENTO EPIFISÁRIO) - REDUÇÃO INCRUENTA,,,,Seg. Ambulatorial,HCO,HSO,REF,,,MEMBROS SUPERIORES,"SISTEMA MÚSCULO-ESQUELÉTICO E
ARTICULAÇÕES",PROCEDIMENTOS CIRÚRGICOS E INVASIVOS
FRATURA VICIOSAMENTE CONSOLIDADA DE ANTEBRAÇO - TRATAMENTO CIRÚRGICO,,,,,HCO,HSO,REF,,,MEMBROS SUPERIORES,"SISTEMA MÚSCULO-ESQUELÉTICO E
ARTICULAÇÕES",PROCEDIMENTOS CIRÚRGICOS E INVASIVOS
FRATURAS / PSEUDARTROSES / ARTROSES / COM FIXADOR EXTERNO DINÂMICO - TRATAMENTO CIRÚRGICO,,,,,HCO,HSO,REF,,,MEMBROS SUPERIORES,"SISTEMA MÚSCULO-ESQUELÉTICO E
ARTICULAÇÕES",PROCEDIMENTOS CIRÚRGICOS E INVASIVOS
FRATURAS DE FALANGES OU METACARPIANOS - REDUÇÃO INCRUENTA,,,,Seg. Ambulatorial,HCO,HSO,REF,,,MEMBROS SUPERIORES,"SISTEMA MÚSCULO-ESQUELÉTICO E
ARTICULAÇÕES",PROCEDIMENTOS CIRÚRGICOS E INVASIVOS
FRATURAS DE FALANGES OU METACARPIANOS - TRATAMENTO CIRÚRGICO C/ FIXAÇÃO,,,,,HCO,HSO,REF,,,MEMBROS SUPERIORES,"SISTEMA MÚSCULO-ESQUELÉTICO E
ARTICULAÇÕES",PROCEDIMENTOS CIRÚRGICOS E INVASIVOS
