0,1,2,3,4,5,6,7,8,9,10,11,12
PROCEDIMENTO,"RN
(alteração)",VIGÊNCIA,Seg. Odontológica,Seg. Ambulatorial,HCO,HSO,REF,PAC,DUT,SUBGRUPO,GRUPO,CAPÍTULO
SESSÃO DE ACUPUNTURA,,,,Seg. Ambulatorial,,,REF,,,TERAPÊUTICA,"PROCEDIMENTOS CLÍNICOS AMBULATORIAIS
E HOSPITALARES","PROCEDIMENTOS CLÍNICOS AMBULATORIAIS
E HOSPITALARES"
"TERAPIA AVANÇADA PARA O TRATAMENTO DA ATROFIA MUSCULAR ESPINHAL (COM DIRETRIZ DE
UTILIZAÇÃO)",571/2023,10/02/2023,,,HCO,HSO,REF,PAC,159,TERAPÊUTICA,"PROCEDIMENTOS CLÍNICOS AMBULATORIAIS
E HOSPITALARES","PROCEDIMENTOS CLÍNICOS AMBULATORIAIS
E HOSPITALARES"
"TERAPIA PARA DOENÇA DE FABRY CLÁSSICA (COM DIRETRIZ
DE UTILIZAÇÃO)","581/2023
599/2024","12/07/2023
05/03/2024",,Seg. Ambulatorial,HCO,HSO,REF,PAC,161,TERAPÊUTICA,"PROCEDIMENTOS CLÍNICOS AMBULATORIAIS
E HOSPITALARES","PROCEDIMENTOS CLÍNICOS AMBULATORIAIS
E HOSPITALARES"
"TERAPIA COM ALFACERLIPONASE PARA LIPOFUSCINOSE CEROIDE NEURONAL TIPO 2 (CLN2) (COM DIRETRIZ
DE UTILIZAÇÃO)",538/2022,22/10/2022,,,HCO,HSO,REF,PAC,153,TERAPÊUTICA,"PROCEDIMENTOS CLÍNICOS AMBULATORIAIS
E HOSPITALARES","PROCEDIMENTOS CLÍNICOS AMBULATORIAIS
E HOSPITALARES"
"TERAPIA IMUNOBIOLÓGICA ENDOVENOSA, INTRAMUSCULAR OU SUBCUTÂNEA (COM DIRETRIZ DE
UTILIZAÇÃO)",,,,Seg. Ambulatorial,HCO,HSO,REF,PAC,65,TERAPÊUTICA,"PROCEDIMENTOS CLÍNICOS AMBULATORIAIS
E HOSPITALARES","PROCEDIMENTOS CLÍNICOS AMBULATORIAIS
E HOSPITALARES"
TERAPIA IMUNOPROFILÁTICA PARA O VÍRUS SINCICIAL RESPIRATÓRIO (VSR) (COM DIRETRIZ DE UTILIZAÇÃO),"465/2021
624/2024","01/04/2021
03/02/2025",,Seg. Ambulatorial,HCO,HSO,REF,,124,TERAPÊUTICA,"PROCEDIMENTOS CLÍNICOS AMBULATORIAIS
E HOSPITALARES","PROCEDIMENTOS CLÍNICOS AMBULATORIAIS
E HOSPITALARES"
TERAPIA INALATÓRIA (NEBULIZAÇÃO),,,,Seg. Ambulatorial,HCO,HSO,REF,,,TERAPÊUTICA,"PROCEDIMENTOS CLÍNICOS AMBULATORIAIS
E HOSPITALARES","PROCEDIMENTOS CLÍNICOS AMBULATORIAIS
E HOSPITALARES"
TERAPIA INTRAVENOSA COM ÁCIDO ZOLEDRÔNICO (COM DIRETRIZ DE UTILIZAÇÃO),592/2023,18/12/2023,,Seg. Ambulatorial,HCO,HSO,REF,PAC,163,TERAPÊUTICA,"PROCEDIMENTOS CLÍNICOS AMBULATORIAIS
E HOSPITALARES","PROCEDIMENTOS CLÍNICOS AMBULATORIAIS
E HOSPITALARES"
TERAPIA MEDICAMENTOSA INJETÁVEL AMBULATORIAL (COM DIRETRIZ DE UTILIZAÇÃO),546/2022,03/10/2022,,Seg. Ambulatorial,HCO,HSO,REF,,158,TERAPÊUTICA,"PROCEDIMENTOS CLÍNICOS AMBULATORIAIS
E HOSPITALARES","PROCEDIMENTOS CLÍNICOS AMBULATORIAIS
E HOSPITALARES"
TERAPIA ONCOLÓGICA - PLANEJAMENTO,,,,Seg. Ambulatorial,HCO,HSO,REF,PAC,,TERAPÊUTICA,"PROCEDIMENTOS CLÍNICOS AMBULATORIAIS
E HOSPITALARES","PROCEDIMENTOS CLÍNICOS AMBULATORIAIS
E HOSPITALARES"
TERAPIA ONCOLÓGICA COM APLICAÇÃO DE MEDICAMENTOS POR VIA INTRACAVITÁRIA OU INTRATECAL,,,,,HCO,HSO,REF,PAC,,TERAPÊUTICA,"PROCEDIMENTOS CLÍNICOS AMBULATORIAIS
E HOSPITALARES","PROCEDIMENTOS CLÍNICOS AMBULATORIAIS
E HOSPITALARES"
TERAPIA ONCOLÓGICA COM APLICAÇÃO INTRA-ARTERIAL OU INTRAVENOSA DE MEDICAMENTOS,,,,Seg. Ambulatorial,HCO,HSO,REF,PAC,,TERAPÊUTICA,"PROCEDIMENTOS CLÍNICOS AMBULATORIAIS
E HOSPITALARES","PROCEDIMENTOS CLÍNICOS AMBULATORIAIS
E HOSPITALARES"
TERAPIA ONCOLÓGICA MEDICAMENTOSA PEROPERATÓRIA,,,,,HCO,HSO,REF,PAC,,TERAPÊUTICA,"PROCEDIMENTOS CLÍNICOS AMBULATORIAIS
E HOSPITALARES","PROCEDIMENTOS CLÍNICOS AMBULATORIAIS
E HOSPITALARES"
TERAPIA POR PRESSÃO NEGATIVA (COM DIRETRIZ DE UTILIZAÇÃO),,,,Seg. Ambulatorial,HCO,HSO,REF,,148,TERAPÊUTICA,"PROCEDIMENTOS CLÍNICOS AMBULATORIAIS
E HOSPITALARES","PROCEDIMENTOS CLÍNICOS AMBULATORIAIS
E HOSPITALARES"
APÊNDICE PRÉ-AURICULAR - RESSECÇÃO,,,,Seg. Ambulatorial,HCO,HSO,REF,,,PROCEDIMENTOS,"PELE E TECIDO CELULAR SUBCUTÂNEO,
MUCOSAS E ANEXOS",PROCEDIMENTOS CIRÚRGICOS E INVASIVOS
APLICAÇÃO DE CONTRACEPTIVO HORMONAL INJETÁVEL (COM DIRETRIZ DE UTILIZAÇÃO),538/2022,22/10/2022,,Seg. Ambulatorial,,,REF,,154,PROCEDIMENTOS,"PROCEDIMENTOS CLÍNICOS AMBULATORIAIS
E HOSPITALARES","PROCEDIMENTOS CLÍNICOS AMBULATORIAIS
E HOSPITALARES"
IMPLANTE SUBDÉRMICO HORMONAL PARA CONTRACEPÇÃO (COM DIRETRIZ DE UTILIZAÇÃO),619/2024,02/01/2025,,Seg. Ambulatorial,,,REF,,170,PROCEDIMENTOS,"PROCEDIMENTOS CLÍNICOS AMBULATORIAIS
E HOSPITALARES","PROCEDIMENTOS CLÍNICOS AMBULATORIAIS
E HOSPITALARES"
AUTONOMIZAÇÃO DE RETALHO,,,,,HCO,HSO,REF,,,PROCEDIMENTOS,"PELE E TECIDO CELULAR SUBCUTÂNEO,
MUCOSAS E ANEXOS",PROCEDIMENTOS CIRÚRGICOS E INVASIVOS
BIÓPSIA DE FACE,,,,Seg. Ambulatorial,HCO,HSO,REF,,,PROCEDIMENTOS,"PELE E TECIDO CELULAR SUBCUTÂNEO,
MUCOSAS E ANEXOS",PROCEDIMENTOS CIRÚRGICOS E INVASIVOS
