0,1,2,3,4,5,6,7,8,9,10,11,12
PROCEDIMENTO,"RN
(alteração)",VIGÊNCIA,Seg. Odontológica,Seg. Ambulatorial,HCO,HSO,REF,PAC,DUT,SUBGRUPO,GRUPO,CAPÍTULO
RADIOGRAFIA DE CLAVÍCULA,,,,Seg. Ambulatorial,HCO,HSO,REF,,,RADIOGRAFIAS,MÉTODOS DIAGNÓSTICOS POR IMAGEM,"PROCEDIMENTOS DIAGNÓSTICOS E
TERAPÊUTICOS"
RADIOGRAFIA DE COLUNA CERVICAL,,,,Seg. Ambulatorial,HCO,HSO,REF,,,RADIOGRAFIAS,MÉTODOS DIAGNÓSTICOS POR IMAGEM,"PROCEDIMENTOS DIAGNÓSTICOS E
TERAPÊUTICOS"
RADIOGRAFIA DE COLUNA DORSAL,,,,Seg. Ambulatorial,HCO,HSO,REF,,,RADIOGRAFIAS,MÉTODOS DIAGNÓSTICOS POR IMAGEM,"PROCEDIMENTOS DIAGNÓSTICOS E
TERAPÊUTICOS"
RADIOGRAFIA DE COLUNA DORSO-LOMBAR,,,,Seg. Ambulatorial,HCO,HSO,REF,,,RADIOGRAFIAS,MÉTODOS DIAGNÓSTICOS POR IMAGEM,"PROCEDIMENTOS DIAGNÓSTICOS E
TERAPÊUTICOS"
RADIOGRAFIA DE COLUNA LOMBO-SACRA,,,,Seg. Ambulatorial,HCO,HSO,REF,,,RADIOGRAFIAS,MÉTODOS DIAGNÓSTICOS POR IMAGEM,"PROCEDIMENTOS DIAGNÓSTICOS E
TERAPÊUTICOS"
RADIOGRAFIA DE COLUNA TOTAL (TELESPONDILOGRAFIA),,,,Seg. Ambulatorial,HCO,HSO,REF,,,RADIOGRAFIAS,MÉTODOS DIAGNÓSTICOS POR IMAGEM,"PROCEDIMENTOS DIAGNÓSTICOS E
TERAPÊUTICOS"
RADIOGRAFIA DE CORAÇÃO E VASOS DA BASE,,,,Seg. Ambulatorial,HCO,HSO,REF,,,RADIOGRAFIAS,MÉTODOS DIAGNÓSTICOS POR IMAGEM,"PROCEDIMENTOS DIAGNÓSTICOS E
TERAPÊUTICOS"
RADIOGRAFIA DE COSTELAS,,,,Seg. Ambulatorial,HCO,HSO,REF,,,RADIOGRAFIAS,MÉTODOS DIAGNÓSTICOS POR IMAGEM,"PROCEDIMENTOS DIAGNÓSTICOS E
TERAPÊUTICOS"
RADIOGRAFIA DE COTOVELO,,,,Seg. Ambulatorial,HCO,HSO,REF,,,RADIOGRAFIAS,MÉTODOS DIAGNÓSTICOS POR IMAGEM,"PROCEDIMENTOS DIAGNÓSTICOS E
TERAPÊUTICOS"
RADIOGRAFIA DE COXA,,,,Seg. Ambulatorial,HCO,HSO,REF,,,RADIOGRAFIAS,MÉTODOS DIAGNÓSTICOS POR IMAGEM,"PROCEDIMENTOS DIAGNÓSTICOS E
TERAPÊUTICOS"
RADIOGRAFIA DE CRÂNIO,,,,Seg. Ambulatorial,HCO,HSO,REF,,,RADIOGRAFIAS,MÉTODOS DIAGNÓSTICOS POR IMAGEM,"PROCEDIMENTOS DIAGNÓSTICOS E
TERAPÊUTICOS"
RADIOGRAFIA DE ESCÁPULA,,,,Seg. Ambulatorial,HCO,HSO,REF,,,RADIOGRAFIAS,MÉTODOS DIAGNÓSTICOS POR IMAGEM,"PROCEDIMENTOS DIAGNÓSTICOS E
TERAPÊUTICOS"
RADIOGRAFIA DE ESÔFAGO,,,,Seg. Ambulatorial,HCO,HSO,REF,,,RADIOGRAFIAS,MÉTODOS DIAGNÓSTICOS POR IMAGEM,"PROCEDIMENTOS DIAGNÓSTICOS E
TERAPÊUTICOS"
RADIOGRAFIA DE ESÔFAGO - HIATO - ESTÔMAGO E DUODENO,,,,Seg. Ambulatorial,HCO,HSO,REF,,,RADIOGRAFIAS,MÉTODOS DIAGNÓSTICOS POR IMAGEM,"PROCEDIMENTOS DIAGNÓSTICOS E
TERAPÊUTICOS"
RADIOGRAFIA DE ESTERNO,,,,Seg. Ambulatorial,HCO,HSO,REF,,,RADIOGRAFIAS,MÉTODOS DIAGNÓSTICOS POR IMAGEM,"PROCEDIMENTOS DIAGNÓSTICOS E
TERAPÊUTICOS"
RADIOGRAFIA DE ESTÔMAGO E DUODENO,,,,Seg. Ambulatorial,HCO,HSO,REF,,,RADIOGRAFIAS,MÉTODOS DIAGNÓSTICOS POR IMAGEM,"PROCEDIMENTOS DIAGNÓSTICOS E
TERAPÊUTICOS"
RADIOGRAFIA DE JOELHO,,,,Seg. Ambulatorial,HCO,HSO,REF,,,RADIOGRAFIAS,MÉTODOS DIAGNÓSTICOS POR IMAGEM,"PROCEDIMENTOS DIAGNÓSTICOS E
TERAPÊUTICOS"
RADIOGRAFIA DE LARINGE OU HIPOFARINGE OU PESCOÇO (PARTES MOLES),,,,Seg. Ambulatorial,HCO,HSO,REF,,,RADIOGRAFIAS,MÉTODOS DIAGNÓSTICOS POR IMAGEM,"PROCEDIMENTOS DIAGNÓSTICOS E
TERAPÊUTICOS"
RADIOGRAFIA DE MANDÍBULA/MAXILA,,,,Seg. Ambulatorial,HCO,HSO,REF,,,RADIOGRAFIAS,MÉTODOS DIAGNÓSTICOS POR IMAGEM,"PROCEDIMENTOS DIAGNÓSTICOS E
TERAPÊUTICOS"
