0,1,2,3,4,5,6,7,8,9,10,11,12
PROCEDIMENTO,"RN
(alteração)",VIGÊNCIA,Seg. Odontológica,Seg. Ambulatorial,HCO,HSO,REF,PAC,DUT,SUBGRUPO,GRUPO,CAPÍTULO
ANTICOAGULANTE LÚPICO,,,,Seg. Ambulatorial,HCO,HSO,REF,,,IMUNOLOGIA,PROCEDIMENTOS LABORATORIAIS,"PROCEDIMENTOS DIAGNÓSTICOS E
TERAPÊUTICOS"
ANTICORPOS ANTI PEPTÍDEO CÍCLICO CITRULINADO - IGG (ANTI CCP) - COM DIRETRIZ DE UTILIZAÇÃO,,,,Seg. Ambulatorial,HCO,HSO,REF,,4,IMUNOLOGIA,PROCEDIMENTOS LABORATORIAIS,"PROCEDIMENTOS DIAGNÓSTICOS E
TERAPÊUTICOS"
ANTICORPOS ANTIDIFTERIA,,,,Seg. Ambulatorial,HCO,HSO,REF,,,IMUNOLOGIA,PROCEDIMENTOS LABORATORIAIS,"PROCEDIMENTOS DIAGNÓSTICOS E
TERAPÊUTICOS"
ANTICORPO ANTI-RECEPTOR DE TSH (TRAB),,,,Seg. Ambulatorial,HCO,HSO,REF,,,IMUNOLOGIA,PROCEDIMENTOS LABORATORIAIS,"PROCEDIMENTOS DIAGNÓSTICOS E
TERAPÊUTICOS"
ANTICORPO ANTIVÍRUS DA HEPATITE E (TOTAL),,,,Seg. Ambulatorial,HCO,HSO,REF,,,IMUNOLOGIA,PROCEDIMENTOS LABORATORIAIS,"PROCEDIMENTOS DIAGNÓSTICOS E
TERAPÊUTICOS"
"ANTICORPOS ANTIENDOMÍSIO, IGA",,,,Seg. Ambulatorial,HCO,HSO,REF,,,IMUNOLOGIA,PROCEDIMENTOS LABORATORIAIS,"PROCEDIMENTOS DIAGNÓSTICOS E
TERAPÊUTICOS"
ANTICORPOS ANTI-ILHOTA DE LANGERHANS,,,,Seg. Ambulatorial,HCO,HSO,REF,,,IMUNOLOGIA,PROCEDIMENTOS LABORATORIAIS,"PROCEDIMENTOS DIAGNÓSTICOS E
TERAPÊUTICOS"
ANTICORPOS ANTIINSULINA,,,,Seg. Ambulatorial,HCO,HSO,REF,,,IMUNOLOGIA,PROCEDIMENTOS LABORATORIAIS,"PROCEDIMENTOS DIAGNÓSTICOS E
TERAPÊUTICOS"
ANTICORPOS ANTIPNEUMOCOCO,,,,Seg. Ambulatorial,HCO,HSO,REF,,,IMUNOLOGIA,PROCEDIMENTOS LABORATORIAIS,"PROCEDIMENTOS DIAGNÓSTICOS E
TERAPÊUTICOS"
ANTICORPOS ANTITÉTANO,,,,Seg. Ambulatorial,HCO,HSO,REF,,,IMUNOLOGIA,PROCEDIMENTOS LABORATORIAIS,"PROCEDIMENTOS DIAGNÓSTICOS E
TERAPÊUTICOS"
ANTICORPOS ANTITIREÓIDE (TIREOGLOBULINA),,,,Seg. Ambulatorial,HCO,HSO,REF,,,IMUNOLOGIA,PROCEDIMENTOS LABORATORIAIS,"PROCEDIMENTOS DIAGNÓSTICOS E
TERAPÊUTICOS"
ANTICORPOS ANTITRANSGLUTAMINASE - IGA,,,,Seg. Ambulatorial,HCO,HSO,REF,,,IMUNOLOGIA,PROCEDIMENTOS LABORATORIAIS,"PROCEDIMENTOS DIAGNÓSTICOS E
TERAPÊUTICOS"
ANTICORTEX SUPRA-RENAL,,,,Seg. Ambulatorial,HCO,HSO,REF,,,IMUNOLOGIA,PROCEDIMENTOS LABORATORIAIS,"PROCEDIMENTOS DIAGNÓSTICOS E
TERAPÊUTICOS"
ANTI-DNA,,,,Seg. Ambulatorial,HCO,HSO,REF,,,IMUNOLOGIA,PROCEDIMENTOS LABORATORIAIS,"PROCEDIMENTOS DIAGNÓSTICOS E
TERAPÊUTICOS"
ANTIESCLERODERMA (SCL 70),,,,Seg. Ambulatorial,HCO,HSO,REF,,,IMUNOLOGIA,PROCEDIMENTOS LABORATORIAIS,"PROCEDIMENTOS DIAGNÓSTICOS E
TERAPÊUTICOS"
ANTIESTREPTOLISINA O (ASLO),,,,Seg. Ambulatorial,HCO,HSO,REF,,,IMUNOLOGIA,PROCEDIMENTOS LABORATORIAIS,"PROCEDIMENTOS DIAGNÓSTICOS E
TERAPÊUTICOS"
ANTI-GAD,,,,Seg. Ambulatorial,HCO,HSO,REF,,,IMUNOLOGIA,PROCEDIMENTOS LABORATORIAIS,"PROCEDIMENTOS DIAGNÓSTICOS E
TERAPÊUTICOS"
ANTÍGENO AUSTRÁLIA (HBsAG),,,,Seg. Ambulatorial,HCO,HSO,REF,,,IMUNOLOGIA,PROCEDIMENTOS LABORATORIAIS,"PROCEDIMENTOS DIAGNÓSTICOS E
TERAPÊUTICOS"
ANTÍGENO CARCINOEMBRIOGÊNICO (CEA),,,,Seg. Ambulatorial,HCO,HSO,REF,,,IMUNOLOGIA,PROCEDIMENTOS LABORATORIAIS,"PROCEDIMENTOS DIAGNÓSTICOS E
TERAPÊUTICOS"
