0,1,2,3,4,5,6,7,8,9,10,11,12
PROCEDIMENTO,"RN
(alteração)",VIGÊNCIA,Seg. Odontológica,Seg. Ambulatorial,HCO,HSO,REF,PAC,DUT,SUBGRUPO,GRUPO,CAPÍTULO
CREATINO FOSFOQUINASE - CK MASSA,,,,Seg. Ambulatorial,HCO,HSO,REF,,,"BIOQUÍMICA (SANGUE, URINA E OUTROS
MATERIAIS)",PROCEDIMENTOS LABORATORIAIS,"PROCEDIMENTOS DIAGNÓSTICOS E
TERAPÊUTICOS"
CREATINO FOSFOQUINASE - FRAÇÃO MB,,,,Seg. Ambulatorial,HCO,HSO,REF,,,"BIOQUÍMICA (SANGUE, URINA E OUTROS
MATERIAIS)",PROCEDIMENTOS LABORATORIAIS,"PROCEDIMENTOS DIAGNÓSTICOS E
TERAPÊUTICOS"
CREATINO FOSFOQUINASE - FRAÇÃO MB - ATIVIDADE,,,,Seg. Ambulatorial,HCO,HSO,REF,,,"BIOQUÍMICA (SANGUE, URINA E OUTROS
MATERIAIS)",PROCEDIMENTOS LABORATORIAIS,"PROCEDIMENTOS DIAGNÓSTICOS E
TERAPÊUTICOS"
CURVA GLICÊMICA (4 DOSAGENS) VIA ORAL OU ENDOVENOSA,,,,Seg. Ambulatorial,HCO,HSO,REF,,,"BIOQUÍMICA (SANGUE, URINA E OUTROS
MATERIAIS)",PROCEDIMENTOS LABORATORIAIS,"PROCEDIMENTOS DIAGNÓSTICOS E
TERAPÊUTICOS"
DESIDROGENASE ALFA-HIDROXIBUTÍRICA,,,,Seg. Ambulatorial,HCO,HSO,REF,,,"BIOQUÍMICA (SANGUE, URINA E OUTROS
MATERIAIS)",PROCEDIMENTOS LABORATORIAIS,"PROCEDIMENTOS DIAGNÓSTICOS E
TERAPÊUTICOS"
DESIDROGENASE GLUTÂMICA,,,,Seg. Ambulatorial,HCO,HSO,REF,,,"BIOQUÍMICA (SANGUE, URINA E OUTROS
MATERIAIS)",PROCEDIMENTOS LABORATORIAIS,"PROCEDIMENTOS DIAGNÓSTICOS E
TERAPÊUTICOS"
DESIDROGENASE LÁCTICA,,,,Seg. Ambulatorial,HCO,HSO,REF,,,"BIOQUÍMICA (SANGUE, URINA E OUTROS
MATERIAIS)",PROCEDIMENTOS LABORATORIAIS,"PROCEDIMENTOS DIAGNÓSTICOS E
TERAPÊUTICOS"
DESIDROGENASE LÁCTICA - ISOENZIMAS FRACIONADAS,,,,Seg. Ambulatorial,HCO,HSO,REF,,,"BIOQUÍMICA (SANGUE, URINA E OUTROS
MATERIAIS)",PROCEDIMENTOS LABORATORIAIS,"PROCEDIMENTOS DIAGNÓSTICOS E
TERAPÊUTICOS"
RAZÃO DO TESTE sFlt/PLGF (COM DIRETRIZ DE UTILIZAÇÃO),,,,Seg. Ambulatorial,HCO,HSO,REF,,139,"BIOQUÍMICA (SANGUE, URINA E OUTROS
MATERIAIS)",PROCEDIMENTOS LABORATORIAIS,"PROCEDIMENTOS DIAGNÓSTICOS E
TERAPÊUTICOS"
DOSAGEM DE ANTIMICROBIANOS,,,,Seg. Ambulatorial,HCO,HSO,REF,,,"BIOQUÍMICA (SANGUE, URINA E OUTROS
MATERIAIS)",PROCEDIMENTOS LABORATORIAIS,"PROCEDIMENTOS DIAGNÓSTICOS E
TERAPÊUTICOS"
DOSAGEM DE ANTICONVULSIVANTES,,,,Seg. Ambulatorial,HCO,HSO,REF,,,"BIOQUÍMICA (SANGUE, URINA E OUTROS
MATERIAIS)",PROCEDIMENTOS LABORATORIAIS,"PROCEDIMENTOS DIAGNÓSTICOS E
TERAPÊUTICOS"
DOSAGEM DE ANTIDEPRESSIVOS,,,,Seg. Ambulatorial,HCO,HSO,REF,,,"BIOQUÍMICA (SANGUE, URINA E OUTROS
MATERIAIS)",PROCEDIMENTOS LABORATORIAIS,"PROCEDIMENTOS DIAGNÓSTICOS E
TERAPÊUTICOS"
DOSAGEM DE BARBITÚRICOS,,,,Seg. Ambulatorial,HCO,HSO,REF,,,"BIOQUÍMICA (SANGUE, URINA E OUTROS
MATERIAIS)",PROCEDIMENTOS LABORATORIAIS,"PROCEDIMENTOS DIAGNÓSTICOS E
TERAPÊUTICOS"
"BARBITURATOS, PESQUISA E/OU DOSAGEM NA URINA",,,,Seg. Ambulatorial,HCO,HSO,REF,,,"BIOQUÍMICA (SANGUE, URINA E OUTROS
MATERIAIS)",PROCEDIMENTOS LABORATORIAIS,"PROCEDIMENTOS DIAGNÓSTICOS E
TERAPÊUTICOS"
DOSAGEM DE BENZODIAZEPÍNICOS,,,,Seg. Ambulatorial,HCO,HSO,REF,,,"BIOQUÍMICA (SANGUE, URINA E OUTROS
MATERIAIS)",PROCEDIMENTOS LABORATORIAIS,"PROCEDIMENTOS DIAGNÓSTICOS E
TERAPÊUTICOS"
DOSAGEM DE DIGITÁLICOS,,,,Seg. Ambulatorial,HCO,HSO,REF,,,"BIOQUÍMICA (SANGUE, URINA E OUTROS
MATERIAIS)",PROCEDIMENTOS LABORATORIAIS,"PROCEDIMENTOS DIAGNÓSTICOS E
TERAPÊUTICOS"
DOSAGEM DE IMUNOSSUPRESSORES,,,,Seg. Ambulatorial,HCO,HSO,REF,,,"BIOQUÍMICA (SANGUE, URINA E OUTROS
MATERIAIS)",PROCEDIMENTOS LABORATORIAIS,"PROCEDIMENTOS DIAGNÓSTICOS E
TERAPÊUTICOS"
DOSAGEM DE ANTIARRITMICOS,,,,Seg. Ambulatorial,HCO,HSO,REF,,,"BIOQUÍMICA (SANGUE, URINA E OUTROS
MATERIAIS)",PROCEDIMENTOS LABORATORIAIS,"PROCEDIMENTOS DIAGNÓSTICOS E
TERAPÊUTICOS"
DOSAGEM DE TEOFILINA,,,,Seg. Ambulatorial,HCO,HSO,REF,,,"BIOQUÍMICA (SANGUE, URINA E OUTROS
MATERIAIS)",PROCEDIMENTOS LABORATORIAIS,"PROCEDIMENTOS DIAGNÓSTICOS E
TERAPÊUTICOS"
