0,1,2,3,4,5,6,7,8,9,10,11,12
PROCEDIMENTO,"RN
(alteração)",VIGÊNCIA,Seg. Odontológica,Seg. Ambulatorial,HCO,HSO,REF,PAC,DUT,SUBGRUPO,GRUPO,CAPÍTULO
EXÉRESE DE HIGROMA CÍSTICO,,,,,HCO,HSO,REF,,,PROCEDIMENTOS,"PELE E TECIDO CELULAR SUBCUTÂNEO,
MUCOSAS E ANEXOS",PROCEDIMENTOS CIRÚRGICOS E INVASIVOS
EXÉRESE DE LESÃO COM AUTO-ENXERTIA,,,,Seg. Ambulatorial,HCO,HSO,REF,,,PROCEDIMENTOS,"PELE E TECIDO CELULAR SUBCUTÂNEO,
MUCOSAS E ANEXOS",PROCEDIMENTOS CIRÚRGICOS E INVASIVOS
EXÉRESE DE LESÃO DE PELE E MUCOSAS,,,,Seg. Ambulatorial,HCO,HSO,REF,,,PROCEDIMENTOS,"PELE E TECIDO CELULAR SUBCUTÂNEO,
MUCOSAS E ANEXOS",PROCEDIMENTOS CIRÚRGICOS E INVASIVOS
EXÉRESE DE TUMOR DE PARTES MOLES,,,,Seg. Ambulatorial,HCO,HSO,REF,,,PROCEDIMENTOS,"PELE E TECIDO CELULAR SUBCUTÂNEO,
MUCOSAS E ANEXOS",PROCEDIMENTOS CIRÚRGICOS E INVASIVOS
EXÉRESE DE UNHA,,,,Seg. Ambulatorial,HCO,HSO,REF,,,PROCEDIMENTOS,"PELE E TECIDO CELULAR SUBCUTÂNEO,
MUCOSAS E ANEXOS",PROCEDIMENTOS CIRÚRGICOS E INVASIVOS
EXÉRESE E SUTURA DE LESÕES COM OU SEM ROTAÇÃO DE RETALHOS,,,,Seg. Ambulatorial,HCO,HSO,REF,,,PROCEDIMENTOS,"PELE E TECIDO CELULAR SUBCUTÂNEO,
MUCOSAS E ANEXOS",PROCEDIMENTOS CIRÚRGICOS E INVASIVOS
EXPANSÃO TISSULAR,,,,,HCO,HSO,REF,,,PROCEDIMENTOS,"PELE E TECIDO CELULAR SUBCUTÂNEO,
MUCOSAS E ANEXOS",PROCEDIMENTOS CIRÚRGICOS E INVASIVOS
"EXTENSOS FERIMENTOS, CICATRIZES OU TUMORES - EXCISÃO E RETALHOS CUTÂNEOS",,,,,HCO,HSO,REF,,,PROCEDIMENTOS,"PELE E TECIDO CELULAR SUBCUTÂNEO,
MUCOSAS E ANEXOS",PROCEDIMENTOS CIRÚRGICOS E INVASIVOS
"EXTENSOS FERIMENTOS, CICATRIZES OU TUMORES - EXÉRESE E EMPREGO DE RETALHOS CUTÂNEOS OU
MUSCULARES CRUZADOS",,,,,HCO,HSO,REF,,,PROCEDIMENTOS,"PELE E TECIDO CELULAR SUBCUTÂNEO,
MUCOSAS E ANEXOS",PROCEDIMENTOS CIRÚRGICOS E INVASIVOS
"EXTENSOS FERIMENTOS, CICATRIZES OU TUMORES - EXÉRESE E RETALHOS CUTÂNEOS",,,,,HCO,HSO,REF,,,PROCEDIMENTOS,"PELE E TECIDO CELULAR SUBCUTÂNEO,
MUCOSAS E ANEXOS",PROCEDIMENTOS CIRÚRGICOS E INVASIVOS
"EXTENSOS FERIMENTOS, CICATRIZES OU TUMORES - EXÉRESE E ROTAÇÃO DE RETALHO FASCIOCUTÂNEO
OU AXIAL",,,,,HCO,HSO,REF,,,PROCEDIMENTOS,"PELE E TECIDO CELULAR SUBCUTÂNEO,
MUCOSAS E ANEXOS",PROCEDIMENTOS CIRÚRGICOS E INVASIVOS
"EXTENSOS FERIMENTOS, CICATRIZES OU TUMORES - EXÉRESE E ROTAÇÃO DE RETALHOS MIOCUTÂNEOS",,,,,HCO,HSO,REF,,,PROCEDIMENTOS,"PELE E TECIDO CELULAR SUBCUTÂNEO,
MUCOSAS E ANEXOS",PROCEDIMENTOS CIRÚRGICOS E INVASIVOS
"EXTENSOS FERIMENTOS, CICATRIZES OU TUMORES - EXÉRESE E ROTAÇÃO DE RETALHOS MUSCULARES",,,,,HCO,HSO,REF,,,PROCEDIMENTOS,"PELE E TECIDO CELULAR SUBCUTÂNEO,
MUCOSAS E ANEXOS",PROCEDIMENTOS CIRÚRGICOS E INVASIVOS
"EXTENSOS FERIMENTOS, CICATRIZES, OU TUMORES - EXÉRESE E ENXERTO CUTÂNEO",,,,,HCO,HSO,REF,,,PROCEDIMENTOS,"PELE E TECIDO CELULAR SUBCUTÂNEO,
MUCOSAS E ANEXOS",PROCEDIMENTOS CIRÚRGICOS E INVASIVOS
"INCISÃO E DRENAGEM DE ABSCESSO, HEMATOMA, FLEGMÃO E/OU PANARÍCIO",,,,Seg. Ambulatorial,HCO,HSO,REF,,,PROCEDIMENTOS,"PELE E TECIDO CELULAR SUBCUTÂNEO,
MUCOSAS E ANEXOS",PROCEDIMENTOS CIRÚRGICOS E INVASIVOS
"INFILTRAÇÃO INTRALESIONAL, CICATRICIAL E HEMANGIOMAS",,,,Seg. Ambulatorial,HCO,HSO,REF,,,PROCEDIMENTOS,"PELE E TECIDO CELULAR SUBCUTÂNEO,
MUCOSAS E ANEXOS",PROCEDIMENTOS CIRÚRGICOS E INVASIVOS
MATRICECTOMIA,,,,Seg. Ambulatorial,HCO,HSO,REF,,,PROCEDIMENTOS,"PELE E TECIDO CELULAR SUBCUTÂNEO,
MUCOSAS E ANEXOS",PROCEDIMENTOS CIRÚRGICOS E INVASIVOS
LASERTERAPIA PARA O TRATAMENTO DA MUCOSITE ORAL/OROFARINGE (COM DIRETRIZ DE UTILIZAÇÃO),,,,Seg. Ambulatorial,HCO,HSO,REF,,51,PROCEDIMENTOS,"PELE E TECIDO CELULAR SUBCUTÂNEO,
MUCOSAS E ANEXOS",PROCEDIMENTOS CIRÚRGICOS E INVASIVOS
PLÁSTICA EM Z OU W,,,,Seg. Ambulatorial,HCO,HSO,REF,,,PROCEDIMENTOS,"PELE E TECIDO CELULAR SUBCUTÂNEO,
MUCOSAS E ANEXOS",PROCEDIMENTOS CIRÚRGICOS E INVASIVOS
