0,1,2,3,4,5,6,7,8,9,10,11,12
PROCEDIMENTO,"RN
(alteração)",VIGÊNCIA,Seg. Odontológica,Seg. Ambulatorial,HCO,HSO,REF,PAC,DUT,SUBGRUPO,GRUPO,CAPÍTULO
TRATAMENTO CIRÚRGICO REPARADOR DA PERDA DE SUBSTÂNCIA DA MÃO,,,,,HCO,HSO,REF,,,MEMBROS SUPERIORES,"SISTEMA MÚSCULO-ESQUELÉTICO E
ARTICULAÇÕES",PROCEDIMENTOS CIRÚRGICOS E INVASIVOS
TRATAMENTO DA DOENÇA DE KIENBOCK COM TRANSPLANTE VASCULARIZADO,,,,,HCO,HSO,REF,,,MEMBROS SUPERIORES,"SISTEMA MÚSCULO-ESQUELÉTICO E
ARTICULAÇÕES",PROCEDIMENTOS CIRÚRGICOS E INVASIVOS
TRATAMENTO DA PSEUDARTROSE COM PERDA DE SUBSTÂNCIAS DE METACARPIANO E FALANGES,,,,,HCO,HSO,REF,,,MEMBROS SUPERIORES,"SISTEMA MÚSCULO-ESQUELÉTICO E
ARTICULAÇÕES",PROCEDIMENTOS CIRÚRGICOS E INVASIVOS
"TRATAMENTO DA PSEUDOARTROSE DO ESCAFÓIDE COM TRANSPLANTE ÓSSEO VASCULARIZADO COM OU
SEM FIXAÇÃO COM MICRO PARAFUSO",,,,,HCO,HSO,REF,,,MEMBROS SUPERIORES,"SISTEMA MÚSCULO-ESQUELÉTICO E
ARTICULAÇÕES",PROCEDIMENTOS CIRÚRGICOS E INVASIVOS
ARTRODESE / FRATURA DE ACETÁBULO (LIGAMENTOTAXIA) COM OU SEM FIXADOR EXTERNO,,,,,HCO,HSO,REF,,,CINTURA PÉLVICA,"SISTEMA MÚSCULO-ESQUELÉTICO E
ARTICULAÇÕES",PROCEDIMENTOS CIRÚRGICOS E INVASIVOS
ARTRODESE COXO-FEMORAL EM GERAL - TRATAMENTO CIRÚRGICO,,,,,HCO,HSO,REF,,,CINTURA PÉLVICA,"SISTEMA MÚSCULO-ESQUELÉTICO E
ARTICULAÇÕES",PROCEDIMENTOS CIRÚRGICOS E INVASIVOS
ARTRODIASTASE DE QUADRIL,,,,,HCO,HSO,REF,,,CINTURA PÉLVICA,"SISTEMA MÚSCULO-ESQUELÉTICO E
ARTICULAÇÕES",PROCEDIMENTOS CIRÚRGICOS E INVASIVOS
ARTROPLASTIA - TRATAMENTO CIRÚRGICO,,,,,HCO,HSO,REF,,,CINTURA PÉLVICA,"SISTEMA MÚSCULO-ESQUELÉTICO E
ARTICULAÇÕES",PROCEDIMENTOS CIRÚRGICOS E INVASIVOS
ARTROPLASTIA DE QUADRIL INFECTADA (RETIRADA DOS COMPONENTES) - TRATAMENTO CIRÚRGICO,,,,,HCO,HSO,REF,,,CINTURA PÉLVICA,"SISTEMA MÚSCULO-ESQUELÉTICO E
ARTICULAÇÕES",PROCEDIMENTOS CIRÚRGICOS E INVASIVOS
ARTROPLASTIA DE RESSECÇÃO DO QUADRIL (GIRDLESTONE),,,,,HCO,HSO,REF,,,CINTURA PÉLVICA,"SISTEMA MÚSCULO-ESQUELÉTICO E
ARTICULAÇÕES",PROCEDIMENTOS CIRÚRGICOS E INVASIVOS
ARTROPLASTIA PARCIAL DO QUADRIL - TRATAMENTO CIRÚRGICO,,,,,HCO,HSO,REF,,,CINTURA PÉLVICA,"SISTEMA MÚSCULO-ESQUELÉTICO E
ARTICULAÇÕES",PROCEDIMENTOS CIRÚRGICOS E INVASIVOS
"ARTROPLASTIA TOTAL DE QUADRIL INFECTADA (INCISÃO E DRENAGEM ARTRITE SÉPTICA) - TRATAMENTO
CIRÚRGICO",,,,,HCO,HSO,REF,,,CINTURA PÉLVICA,"SISTEMA MÚSCULO-ESQUELÉTICO E
ARTICULAÇÕES",PROCEDIMENTOS CIRÚRGICOS E INVASIVOS
ARTROTOMIA COXO-FEMORAL - TRATAMENTO CIRÚRGICO,,,,,HCO,HSO,REF,,,CINTURA PÉLVICA,"SISTEMA MÚSCULO-ESQUELÉTICO E
ARTICULAÇÕES",PROCEDIMENTOS CIRÚRGICOS E INVASIVOS
BIÓPSIA CIRÚRGICA COXO-FEMORAL,,,,,HCO,HSO,REF,,,CINTURA PÉLVICA,"SISTEMA MÚSCULO-ESQUELÉTICO E
ARTICULAÇÕES",PROCEDIMENTOS CIRÚRGICOS E INVASIVOS
BIÓPSIA CIRÚRGICA DA CINTURA PÉLVICA,,,,,HCO,HSO,REF,,,CINTURA PÉLVICA,"SISTEMA MÚSCULO-ESQUELÉTICO E
ARTICULAÇÕES",PROCEDIMENTOS CIRÚRGICOS E INVASIVOS
DESARTICULAÇÃO COXO-FEMORAL - TRATAMENTO CIRÚRGICO,,,,,HCO,HSO,REF,,,CINTURA PÉLVICA,"SISTEMA MÚSCULO-ESQUELÉTICO E
ARTICULAÇÕES",PROCEDIMENTOS CIRÚRGICOS E INVASIVOS
DESARTICULAÇÃO INTERÍLIO ABDOMINAL - TRATAMENTO CIRÚRGICO,,,,,HCO,HSO,REF,,,CINTURA PÉLVICA,"SISTEMA MÚSCULO-ESQUELÉTICO E
ARTICULAÇÕES",PROCEDIMENTOS CIRÚRGICOS E INVASIVOS
EPIFISIODESE C/ ABAIXAMENTO DO GRANDE TROCANTER,,,,,HCO,HSO,REF,,,CINTURA PÉLVICA,"SISTEMA MÚSCULO-ESQUELÉTICO E
ARTICULAÇÕES",PROCEDIMENTOS CIRÚRGICOS E INVASIVOS
"EPIFISIOLISTESE PROXIMAL DE FÊMUR (FIXAÇÃO ""IN SITU"")",,,,,HCO,HSO,REF,,,CINTURA PÉLVICA,"SISTEMA MÚSCULO-ESQUELÉTICO E
ARTICULAÇÕES",PROCEDIMENTOS CIRÚRGICOS E INVASIVOS
