0,1,2,3,4,5,6,7,8,9,10,11,12
PROCEDIMENTO,"RN
(alteração)",VIGÊNCIA,Seg. Odontológica,Seg. Ambulatorial,HCO,HSO,REF,PAC,DUT,SUBGRUPO,GRUPO,CAPÍTULO
ALONGAMENTO DE FÊMUR - TRATAMENTO CIRÚRGICO,,,,,HCO,HSO,REF,,,MEMBROS INFERIORES,"SISTEMA MÚSCULO-ESQUELÉTICO E
ARTICULAÇÕES",PROCEDIMENTOS CIRÚRGICOS E INVASIVOS
ALONGAMENTO DOS OSSOS DA PERNA - TRATAMENTO CIRÚRGICO,,,,,HCO,HSO,REF,,,MEMBROS INFERIORES,"SISTEMA MÚSCULO-ESQUELÉTICO E
ARTICULAÇÕES",PROCEDIMENTOS CIRÚRGICOS E INVASIVOS
AMPUTAÇÃO AO NÍVEL DA COXA - TRATAMENTO CIRÚRGICO,,,,,HCO,HSO,REF,,,MEMBROS INFERIORES,"SISTEMA MÚSCULO-ESQUELÉTICO E
ARTICULAÇÕES",PROCEDIMENTOS CIRÚRGICOS E INVASIVOS
AMPUTAÇÃO AO NÍVEL DO PÉ - TRATAMENTO CIRÚRGICO,,,,,HCO,HSO,REF,,,MEMBROS INFERIORES,"SISTEMA MÚSCULO-ESQUELÉTICO E
ARTICULAÇÕES",PROCEDIMENTOS CIRÚRGICOS E INVASIVOS
AMPUTAÇÃO AO NÍVEL DO TORNOZELO - TRATAMENTO CIRÚRGICO,,,,,HCO,HSO,REF,,,MEMBROS INFERIORES,"SISTEMA MÚSCULO-ESQUELÉTICO E
ARTICULAÇÕES",PROCEDIMENTOS CIRÚRGICOS E INVASIVOS
AMPUTAÇÃO DE PERNA - TRATAMENTO CIRÚRGICO,,,,,HCO,HSO,REF,,,MEMBROS INFERIORES,"SISTEMA MÚSCULO-ESQUELÉTICO E
ARTICULAÇÕES",PROCEDIMENTOS CIRÚRGICOS E INVASIVOS
AMPUTAÇÃO/DESARTICULAÇÃO DE PODODÁCTILOS - TRATAMENTO CIRÚRGICO,,,,,HCO,HSO,REF,,,MEMBROS INFERIORES,"SISTEMA MÚSCULO-ESQUELÉTICO E
ARTICULAÇÕES",PROCEDIMENTOS CIRÚRGICOS E INVASIVOS
ARTRITE OU OSTEOARTRITE DOS OSSOS DO PÉ (INCLUI OSTEOMIELITE) - TRATAMENTO CIRÚRGICO,,,,,HCO,HSO,REF,,,MEMBROS INFERIORES,"SISTEMA MÚSCULO-ESQUELÉTICO E
ARTICULAÇÕES",PROCEDIMENTOS CIRÚRGICOS E INVASIVOS
ARTRODESE AO NÍVEL DO TORNOZELO - TRATAMENTO CIRÚRGICO,,,,,HCO,HSO,REF,,,MEMBROS INFERIORES,"SISTEMA MÚSCULO-ESQUELÉTICO E
ARTICULAÇÕES",PROCEDIMENTOS CIRÚRGICOS E INVASIVOS
ARTRODESE DE JOELHO - TRATAMENTO CIRÚRGICO,,,,,HCO,HSO,REF,,,MEMBROS INFERIORES,"SISTEMA MÚSCULO-ESQUELÉTICO E
ARTICULAÇÕES",PROCEDIMENTOS CIRÚRGICOS E INVASIVOS
ARTRODESE DE TARSO E/OU MÉDIO PÉ - TRATAMENTO CIRÚRGICO,,,,,HCO,HSO,REF,,,MEMBROS INFERIORES,"SISTEMA MÚSCULO-ESQUELÉTICO E
ARTICULAÇÕES",PROCEDIMENTOS CIRÚRGICOS E INVASIVOS
ARTRODESE METATARSO - FALÂNGICA OU INTERFALÂNGICA - TRATAMENTO CIRÚRGICO,,,,,HCO,HSO,REF,,,MEMBROS INFERIORES,"SISTEMA MÚSCULO-ESQUELÉTICO E
ARTICULAÇÕES",PROCEDIMENTOS CIRÚRGICOS E INVASIVOS
ARTROPLASTIA DE TORNOZELO (COM IMPLANTE) - TRATAMENTO CIRÚRGICO,,,,,HCO,HSO,REF,,,MEMBROS INFERIORES,"SISTEMA MÚSCULO-ESQUELÉTICO E
ARTICULAÇÕES",PROCEDIMENTOS CIRÚRGICOS E INVASIVOS
ARTROPLASTIA TOTAL DE JOELHO COM IMPLANTES - TRATAMENTO CIRÚRGICO,,,,,HCO,HSO,REF,,,MEMBROS INFERIORES,"SISTEMA MÚSCULO-ESQUELÉTICO E
ARTICULAÇÕES",PROCEDIMENTOS CIRÚRGICOS E INVASIVOS
ARTRORRISE DO TORNOZELO - TRATAMENTO CIRÚRGICO,,,,,HCO,HSO,REF,,,MEMBROS INFERIORES,"SISTEMA MÚSCULO-ESQUELÉTICO E
ARTICULAÇÕES",PROCEDIMENTOS CIRÚRGICOS E INVASIVOS
ARTROTOMIA - TRATAMENTO CIRÚRGICO,,,,,HCO,HSO,REF,,,MEMBROS INFERIORES,"SISTEMA MÚSCULO-ESQUELÉTICO E
ARTICULAÇÕES",PROCEDIMENTOS CIRÚRGICOS E INVASIVOS
BIÓPSIA CIRÚRGICA DE FÊMUR,,,,,HCO,HSO,REF,,,MEMBROS INFERIORES,"SISTEMA MÚSCULO-ESQUELÉTICO E
ARTICULAÇÕES",PROCEDIMENTOS CIRÚRGICOS E INVASIVOS
BIÓPSIA CIRÚRGICA DE JOELHO,,,,Seg. Ambulatorial,HCO,HSO,REF,,,MEMBROS INFERIORES,"SISTEMA MÚSCULO-ESQUELÉTICO E
ARTICULAÇÕES",PROCEDIMENTOS CIRÚRGICOS E INVASIVOS
BIÓPSIA CIRÚRGICA DE TÍBIA OU FÍBULA,,,,Seg. Ambulatorial,HCO,HSO,REF,,,MEMBROS INFERIORES,"SISTEMA MÚSCULO-ESQUELÉTICO E
ARTICULAÇÕES",PROCEDIMENTOS CIRÚRGICOS E INVASIVOS
