0,1,2,3,4,5,6,7,8,9,10,11,12
PROCEDIMENTO,"RN
(alteração)",VIGÊNCIA,Seg. Odontológica,Seg. Ambulatorial,HCO,HSO,REF,PAC,DUT,SUBGRUPO,GRUPO,CAPÍTULO
SINOVECTOMIA,,,,,HCO,HSO,REF,,,MEMBROS SUPERIORES,"SISTEMA MÚSCULO-ESQUELÉTICO E
ARTICULAÇÕES",PROCEDIMENTOS CIRÚRGICOS E INVASIVOS
SINOVECTOMIA DE PUNHO,,,,,HCO,HSO,REF,,,MEMBROS SUPERIORES,"SISTEMA MÚSCULO-ESQUELÉTICO E
ARTICULAÇÕES",PROCEDIMENTOS CIRÚRGICOS E INVASIVOS
TRANSPOSIÇÃO DE DEDO,,,,,HCO,HSO,REF,,,MEMBROS SUPERIORES,"SISTEMA MÚSCULO-ESQUELÉTICO E
ARTICULAÇÕES",PROCEDIMENTOS CIRÚRGICOS E INVASIVOS
TRANSPOSIÇÃO DO RÁDIO PARA ULNA,,,,,HCO,HSO,REF,,,MEMBROS SUPERIORES,"SISTEMA MÚSCULO-ESQUELÉTICO E
ARTICULAÇÕES",PROCEDIMENTOS CIRÚRGICOS E INVASIVOS
TRATAMENTO CIRÚRGICO DA ARTRODIASTASE COM OU SEM FIXADOR EXTERNO,,,,,HCO,HSO,REF,,,MEMBROS SUPERIORES,"SISTEMA MÚSCULO-ESQUELÉTICO E
ARTICULAÇÕES",PROCEDIMENTOS CIRÚRGICOS E INVASIVOS
TRATAMENTO CIRÚRGICO DA CONTRATURA ISQUÊMICA DE MÃO,,,,,HCO,HSO,REF,,,MEMBROS SUPERIORES,"SISTEMA MÚSCULO-ESQUELÉTICO E
ARTICULAÇÕES",PROCEDIMENTOS CIRÚRGICOS E INVASIVOS
TRATAMENTO CIRÚRGICO DA CONTRATURA ISQUÊMICA DE VOLKMANN,,,,,HCO,HSO,REF,,,MEMBROS SUPERIORES,"SISTEMA MÚSCULO-ESQUELÉTICO E
ARTICULAÇÕES",PROCEDIMENTOS CIRÚRGICOS E INVASIVOS
TRATAMENTO CIRÚRGICO DA DESARTICULAÇÃO DO PUNHO,,,,,HCO,HSO,REF,,,MEMBROS SUPERIORES,"SISTEMA MÚSCULO-ESQUELÉTICO E
ARTICULAÇÕES",PROCEDIMENTOS CIRÚRGICOS E INVASIVOS
TRATAMENTO CIRÚRGICO DA OSTEOMIELITE,,,,,HCO,HSO,REF,,,MEMBROS SUPERIORES,"SISTEMA MÚSCULO-ESQUELÉTICO E
ARTICULAÇÕES",PROCEDIMENTOS CIRÚRGICOS E INVASIVOS
"TRATAMENTO CIRÚRGICO DA RETRAÇÃO CICATRICIAL DE DEDOS, COM OU SEM COMPROMETIMENTO
TENDINOSO",,,,,HCO,HSO,REF,,,MEMBROS SUPERIORES,"SISTEMA MÚSCULO-ESQUELÉTICO E
ARTICULAÇÕES",PROCEDIMENTOS CIRÚRGICOS E INVASIVOS
TRATAMENTO CIRÚRGICO DA SINDACTILIA COM OU SEM EMPREGO DE EXPANSOR,,,,,HCO,HSO,REF,,,MEMBROS SUPERIORES,"SISTEMA MÚSCULO-ESQUELÉTICO E
ARTICULAÇÕES",PROCEDIMENTOS CIRÚRGICOS E INVASIVOS
TRATAMENTO CIRÚRGICO DA SINDACTILIA MÚLTIPLA COM EMPREGO DE EXPANSOR,,,,,HCO,HSO,REF,,,MEMBROS SUPERIORES,"SISTEMA MÚSCULO-ESQUELÉTICO E
ARTICULAÇÕES",PROCEDIMENTOS CIRÚRGICOS E INVASIVOS
TRATAMENTO CIRÚRGICO DA SINOSTOSE RÁDIO-ULNAR,,,,,HCO,HSO,REF,,,MEMBROS SUPERIORES,"SISTEMA MÚSCULO-ESQUELÉTICO E
ARTICULAÇÕES",PROCEDIMENTOS CIRÚRGICOS E INVASIVOS
TRATAMENTO CIRÚRGICO DAS ROTURAS TENDINO-LIGAMENTARES DA MÃO,,,,,HCO,HSO,REF,,,MEMBROS SUPERIORES,"SISTEMA MÚSCULO-ESQUELÉTICO E
ARTICULAÇÕES",PROCEDIMENTOS CIRÚRGICOS E INVASIVOS
"TRATAMENTO CIRÚRGICO DE ABSCESSO DE MÃO E DEDOS, ESPAÇOS PALMARES, DORSAIS E COMISSURAIS
E TENOSSINOVITES",,,,Seg. Ambulatorial,HCO,HSO,REF,,,MEMBROS SUPERIORES,"SISTEMA MÚSCULO-ESQUELÉTICO E
ARTICULAÇÕES",PROCEDIMENTOS CIRÚRGICOS E INVASIVOS
TRATAMENTO CIRÙRGICO DE ENCURTAMENTO SEGMENTAR DOS OSSOS COM OSTEOSSÍNTESE,,,,,HCO,HSO,REF,,,MEMBROS SUPERIORES,"SISTEMA MÚSCULO-ESQUELÉTICO E
ARTICULAÇÕES",PROCEDIMENTOS CIRÚRGICOS E INVASIVOS
"TRATAMENTO CIRÚRGICO DE POLIDACTILIA SIMPLES, COMPLEXA OU MÚLTIPLA",,,,,HCO,HSO,REF,,,MEMBROS SUPERIORES,"SISTEMA MÚSCULO-ESQUELÉTICO E
ARTICULAÇÕES",PROCEDIMENTOS CIRÚRGICOS E INVASIVOS
"TRATAMENTO CIRÚRGICO DE TENDINITES, SINOVITES E ARTRITES",,,,,HCO,HSO,REF,,,MEMBROS SUPERIORES,"SISTEMA MÚSCULO-ESQUELÉTICO E
ARTICULAÇÕES",PROCEDIMENTOS CIRÚRGICOS E INVASIVOS
TRATAMENTO CIRÚRGICO DO GIGANTISMO EM MÃO,,,,,HCO,HSO,REF,,,MEMBROS SUPERIORES,"SISTEMA MÚSCULO-ESQUELÉTICO E
ARTICULAÇÕES",PROCEDIMENTOS CIRÚRGICOS E INVASIVOS
