0,1,2,3,4,5,6,7,8,9,10,11,12
PROCEDIMENTO,"RN
(alteração)",VIGÊNCIA,Seg. Odontológica,Seg. Ambulatorial,HCO,HSO,REF,PAC,DUT,SUBGRUPO,GRUPO,CAPÍTULO
DOPPLER COLORIDO DE ÓRGÃOS OU ESTRUTURAS (INCLUI CORAÇÃO),,,,Seg. Ambulatorial,HCO,HSO,REF,,,ULTRASSONOGRAFIA DIAGNÓSTICA,MÉTODOS DIAGNÓSTICOS POR IMAGEM,"PROCEDIMENTOS DIAGNÓSTICOS E
TERAPÊUTICOS"
DOPPLER COLORIDO DE VASOS CERVICAIS ARTERIAIS (CARÓTIDAS E VERTEBRAIS),,,,Seg. Ambulatorial,HCO,HSO,REF,,,ULTRASSONOGRAFIA DIAGNÓSTICA,MÉTODOS DIAGNÓSTICOS POR IMAGEM,"PROCEDIMENTOS DIAGNÓSTICOS E
TERAPÊUTICOS"
DOPPLER COLORIDO DE VASOS CERVICAIS VENOSOS (SUBCLÁVIAS E JUGULARES),,,,Seg. Ambulatorial,HCO,HSO,REF,,,ULTRASSONOGRAFIA DIAGNÓSTICA,MÉTODOS DIAGNÓSTICOS POR IMAGEM,"PROCEDIMENTOS DIAGNÓSTICOS E
TERAPÊUTICOS"
DOPPLER COLORIDO DE VEIA CAVA SUPERIOR OU INFERIOR,,,,Seg. Ambulatorial,HCO,HSO,REF,,,ULTRASSONOGRAFIA DIAGNÓSTICA,MÉTODOS DIAGNÓSTICOS POR IMAGEM,"PROCEDIMENTOS DIAGNÓSTICOS E
TERAPÊUTICOS"
DOPPLER COLORIDO PENIANO COM OU SEM FÁRMACO-INDUÇÃO,,,,Seg. Ambulatorial,HCO,HSO,REF,,,ULTRASSONOGRAFIA DIAGNÓSTICA,MÉTODOS DIAGNÓSTICOS POR IMAGEM,"PROCEDIMENTOS DIAGNÓSTICOS E
TERAPÊUTICOS"
DOPPLER COLORIDO TRANSCRANIANO OU TRANSFONTANELA,,,,Seg. Ambulatorial,HCO,HSO,REF,,,ULTRASSONOGRAFIA DIAGNÓSTICA,MÉTODOS DIAGNÓSTICOS POR IMAGEM,"PROCEDIMENTOS DIAGNÓSTICOS E
TERAPÊUTICOS"
DOPPLER COLORIDO VENOSO DE MEMBROS INFERIORES,,,,Seg. Ambulatorial,HCO,HSO,REF,,,ULTRASSONOGRAFIA DIAGNÓSTICA,MÉTODOS DIAGNÓSTICOS POR IMAGEM,"PROCEDIMENTOS DIAGNÓSTICOS E
TERAPÊUTICOS"
DOPPLER COLORIDO VENOSO DE MEMBROS SUPERIORES,,,,Seg. Ambulatorial,HCO,HSO,REF,,,ULTRASSONOGRAFIA DIAGNÓSTICA,MÉTODOS DIAGNÓSTICOS POR IMAGEM,"PROCEDIMENTOS DIAGNÓSTICOS E
TERAPÊUTICOS"
DUPLEX SCAN VASCULAR PERIFÉRICO,,,,Seg. Ambulatorial,HCO,HSO,REF,,,ULTRASSONOGRAFIA DIAGNÓSTICA,MÉTODOS DIAGNÓSTICOS POR IMAGEM,"PROCEDIMENTOS DIAGNÓSTICOS E
TERAPÊUTICOS"
DOPPLER COLORIDO DE ARTÉRIAS PENIANAS,,,,Seg. Ambulatorial,HCO,HSO,REF,,,ULTRASSONOGRAFIA DIAGNÓSTICA,MÉTODOS DIAGNÓSTICOS POR IMAGEM,"PROCEDIMENTOS DIAGNÓSTICOS E
TERAPÊUTICOS"
ECODOPPLERCARDIOGRAMA COM CONTRASTE INTRACAVITÁRIO,,,,Seg. Ambulatorial,HCO,HSO,REF,,,ULTRASSONOGRAFIA DIAGNÓSTICA,MÉTODOS DIAGNÓSTICOS POR IMAGEM,"PROCEDIMENTOS DIAGNÓSTICOS E
TERAPÊUTICOS"
ECODOPPLERCARDIOGRAMA COM CONTRASTE PARA PERFUSÃO MIOCÁRDICA,,,,Seg. Ambulatorial,HCO,HSO,REF,,,ULTRASSONOGRAFIA DIAGNÓSTICA,MÉTODOS DIAGNÓSTICOS POR IMAGEM,"PROCEDIMENTOS DIAGNÓSTICOS E
TERAPÊUTICOS"
ECODOPPLERCARDIOGRAMA COM ESTRESSE FARMACOLÓGICO/ESTRESSE FÍSICO,,,,Seg. Ambulatorial,HCO,HSO,REF,,,ULTRASSONOGRAFIA DIAGNÓSTICA,MÉTODOS DIAGNÓSTICOS POR IMAGEM,"PROCEDIMENTOS DIAGNÓSTICOS E
TERAPÊUTICOS"
ECODOPPLERCARDIOGRAMA FETAL COM MAPEAMENTO DE FLUXO (COM DIRETRIZ DE UTILIZAÇÃO),,,,Seg. Ambulatorial,HCO,,REF,,20,ULTRASSONOGRAFIA DIAGNÓSTICA,MÉTODOS DIAGNÓSTICOS POR IMAGEM,"PROCEDIMENTOS DIAGNÓSTICOS E
TERAPÊUTICOS"
ECODOPPLERCARDIOGRAMA TRANSESOFÁGICO,,,,Seg. Ambulatorial,HCO,HSO,REF,,,ULTRASSONOGRAFIA DIAGNÓSTICA,MÉTODOS DIAGNÓSTICOS POR IMAGEM,"PROCEDIMENTOS DIAGNÓSTICOS E
TERAPÊUTICOS"
ECODOPPLERCARDIOGRAMA TRANSTORÁCICO,,,,Seg. Ambulatorial,HCO,HSO,REF,,,ULTRASSONOGRAFIA DIAGNÓSTICA,MÉTODOS DIAGNÓSTICOS POR IMAGEM,"PROCEDIMENTOS DIAGNÓSTICOS E
TERAPÊUTICOS"
ESTUDO DE VASO COM DOPPLER PULSADO CONTÍNUO CONVENCIONAL,,,,Seg. Ambulatorial,HCO,HSO,REF,,,ULTRASSONOGRAFIA DIAGNÓSTICA,MÉTODOS DIAGNÓSTICOS POR IMAGEM,"PROCEDIMENTOS DIAGNÓSTICOS E
TERAPÊUTICOS"
ELASTOGRAFIA HEPÁTICA ULTRASSÔNICA (COM DIRETRIZ DE UTILIZAÇÃO),,,,Seg. Ambulatorial,HCO,HSO,REF,,119,ULTRASSONOGRAFIA DIAGNÓSTICA,MÉTODOS DIAGNÓSTICOS POR IMAGEM,"PROCEDIMENTOS DIAGNÓSTICOS E
TERAPÊUTICOS"
ULTRASSONOGRAFIA ARTICULAR,,,,Seg. Ambulatorial,HCO,HSO,REF,,,ULTRASSONOGRAFIA DIAGNÓSTICA,MÉTODOS DIAGNÓSTICOS POR IMAGEM,"PROCEDIMENTOS DIAGNÓSTICOS E
TERAPÊUTICOS"
