0,1,2,3,4,5,6,7,8,9,10,11,12
PROCEDIMENTO,"RN
(alteração)",VIGÊNCIA,Seg. Odontológica,Seg. Ambulatorial,HCO,HSO,REF,PAC,DUT,SUBGRUPO,GRUPO,CAPÍTULO
RECONSTRUÇÃO DA PAREDE TORÁCICA (COM OU SEM PRÓTESE),,,,,HCO,HSO,REF,,,PAREDE TORÁCICA,PAREDE TORÁCICA,PROCEDIMENTOS CIRÚRGICOS E INVASIVOS
"RECONSTRUÇÃO DA PAREDE TORÁCICA COM RETALHOS CUTÂNEOS, MUSCULARES OU MIOCUTÂNEOS",,,,,HCO,HSO,REF,,,PAREDE TORÁCICA,PAREDE TORÁCICA,PROCEDIMENTOS CIRÚRGICOS E INVASIVOS
RECONSTRUÇÃO DA REGIÃO ESTERNAL COM RETALHOS MUSCULARES,,,,,HCO,HSO,REF,,,PAREDE TORÁCICA,PAREDE TORÁCICA,PROCEDIMENTOS CIRÚRGICOS E INVASIVOS
REDUÇÃO INCRUENTA DE FRATURA LUXAÇÃO DE ESTERNO OU COSTELA,,,,Seg. Ambulatorial,HCO,HSO,REF,,,PAREDE TORÁCICA,PAREDE TORÁCICA,PROCEDIMENTOS CIRÚRGICOS E INVASIVOS
RESSECÇÃO DE TUMOR DO DIAFRAGMA E RECONSTRUÇÃO,,,,,HCO,HSO,REF,,,PAREDE TORÁCICA,PAREDE TORÁCICA,PROCEDIMENTOS CIRÚRGICOS E INVASIVOS
RETIRADA DE CORPO ESTRANHO DA PAREDE TORÁCICA,,,,,HCO,HSO,REF,,,PAREDE TORÁCICA,PAREDE TORÁCICA,PROCEDIMENTOS CIRÚRGICOS E INVASIVOS
TORACECTOMIA,,,,,HCO,HSO,REF,,,PAREDE TORÁCICA,PAREDE TORÁCICA,PROCEDIMENTOS CIRÚRGICOS E INVASIVOS
TORACOPLASTIA,,,,,HCO,HSO,REF,,,PAREDE TORÁCICA,PAREDE TORÁCICA,PROCEDIMENTOS CIRÚRGICOS E INVASIVOS
TORACOTOMIA COM BIÓPSIA,,,,,HCO,HSO,REF,,,PAREDE TORÁCICA,PAREDE TORÁCICA,PROCEDIMENTOS CIRÚRGICOS E INVASIVOS
TORACOTOMIA EXPLORADORA,,,,,HCO,HSO,REF,,,PAREDE TORÁCICA,PAREDE TORÁCICA,PROCEDIMENTOS CIRÚRGICOS E INVASIVOS
TORACOTOMIA PARA PROCEDIMENTOS ORTOPÉDICOS SOBRE A COLUNA VERTEBRAL,,,,,HCO,HSO,REF,,,PAREDE TORÁCICA,PAREDE TORÁCICA,PROCEDIMENTOS CIRÚRGICOS E INVASIVOS
TRAÇÃO ESQUELÉTICA DO GRADIL COSTO-ESTERNAL (TRAUMATISMO),,,,,HCO,HSO,REF,,,PAREDE TORÁCICA,PAREDE TORÁCICA,PROCEDIMENTOS CIRÚRGICOS E INVASIVOS
TRATAMENTO CIRÚRGICO DE FRATURA LUXAÇÃO DE ESTERNO OU COSTELA,,,,,HCO,HSO,REF,,,PAREDE TORÁCICA,PAREDE TORÁCICA,PROCEDIMENTOS CIRÚRGICOS E INVASIVOS
TRATAMENTO CIRÚRGICO DA OSTEOMIELITE DE COSTELA OU ESTERNO,,,,,HCO,HSO,REF,,,PAREDE TORÁCICA,PAREDE TORÁCICA,PROCEDIMENTOS CIRÚRGICOS E INVASIVOS
TRATAMENTO CIRÚRGICO DE FRATURAS DO GRADIL COSTAL,,,,,HCO,HSO,REF,,,PAREDE TORÁCICA,PAREDE TORÁCICA,PROCEDIMENTOS CIRÚRGICOS E INVASIVOS
BIÓPSIA INCISIONAL DE MAMA,,,,Seg. Ambulatorial,HCO,HSO,REF,,,MAMAS,PAREDE TORÁCICA,PROCEDIMENTOS CIRÚRGICOS E INVASIVOS
"BIÓPSIA PERCUTÂNEA À VACUO GUIADA POR RAIO X, ULTRASSONOGRAFIA OU RESSONÂNCIA MAGNÉTICA
(MAMOTOMIA) - COM DIRETRIZ DE UTILIZAÇÃO",,,,Seg. Ambulatorial,HCO,HSO,REF,PAC,7,MAMAS,PAREDE TORÁCICA,PROCEDIMENTOS CIRÚRGICOS E INVASIVOS
"BIÓPSIA PERCUTÂNEA DE FRAGMENTO MAMÁRIO (CORE BIOPSY) ORIENTADA POR US OU RX - AGULHA
GROSSA",,,,Seg. Ambulatorial,HCO,HSO,REF,,,MAMAS,PAREDE TORÁCICA,PROCEDIMENTOS CIRÚRGICOS E INVASIVOS
COLETA DE FLUXO PAPILAR DE MAMA,,,,Seg. Ambulatorial,HCO,HSO,REF,,,MAMAS,PAREDE TORÁCICA,PROCEDIMENTOS CIRÚRGICOS E INVASIVOS
