0,1,2,3,4,5,6,7,8,9,10,11,12
PROCEDIMENTO,"RN
(alteração)",VIGÊNCIA,Seg. Odontológica,Seg. Ambulatorial,HCO,HSO,REF,PAC,DUT,SUBGRUPO,GRUPO,CAPÍTULO
PSEUDOCISTO PÂNCREAS - DRENAGEM,,,,,HCO,HSO,REF,,,PÂNCREAS,SISTEMA DIGESTIVO E ANEXOS,PROCEDIMENTOS CIRÚRGICOS E INVASIVOS
PSEUDOCISTO PÂNCREAS - DRENAGEM POR VIDEOLAPAROSCOPIA,,,,,HCO,HSO,REF,,,PÂNCREAS,SISTEMA DIGESTIVO E ANEXOS,PROCEDIMENTOS CIRÚRGICOS E INVASIVOS
BIÓPSIA ESPLÊNICA,,,,Seg. Ambulatorial,HCO,HSO,REF,,,BAÇO,SISTEMA DIGESTIVO E ANEXOS,PROCEDIMENTOS CIRÚRGICOS E INVASIVOS
ESPLENECTOMIA TOTAL OU PARCIAL,,,,,HCO,HSO,REF,,,BAÇO,SISTEMA DIGESTIVO E ANEXOS,PROCEDIMENTOS CIRÚRGICOS E INVASIVOS
ESPLENECTOMIA POR VIDEOLAPAROSCOPIA,,,,,HCO,HSO,REF,,,BAÇO,SISTEMA DIGESTIVO E ANEXOS,PROCEDIMENTOS CIRÚRGICOS E INVASIVOS
ESPLENORRAFIA,,,,,HCO,HSO,REF,,,BAÇO,SISTEMA DIGESTIVO E ANEXOS,PROCEDIMENTOS CIRÚRGICOS E INVASIVOS
DIÁLISE PERITONEAL,,,,Seg. Ambulatorial,HCO,HSO,REF,PAC,,PERITÔNIO,SISTEMA DIGESTIVO E ANEXOS,PROCEDIMENTOS CIRÚRGICOS E INVASIVOS
DIÁLISE PERITONEAL AMBULATORIAL CONTÍNUA (CAPD),,,,Seg. Ambulatorial,HCO,HSO,REF,PAC,,PERITÔNIO,SISTEMA DIGESTIVO E ANEXOS,PROCEDIMENTOS CIRÚRGICOS E INVASIVOS
DIÁLISE PERITONEAL AMBULATORIAL CONTÍNUA (CAPD) - TREINAMENTO,,,,Seg. Ambulatorial,HCO,HSO,REF,PAC,,PERITÔNIO,SISTEMA DIGESTIVO E ANEXOS,PROCEDIMENTOS CIRÚRGICOS E INVASIVOS
DIÁLISE PERITONEAL AUTOMÁTICA (DPA),600/2024,01/04/2024,,Seg. Ambulatorial,HCO,HSO,REF,PAC,,PERITÔNIO,SISTEMA DIGESTIVO E ANEXOS,PROCEDIMENTOS CIRÚRGICOS E INVASIVOS
EPIPLOPLASTIA,,,,,HCO,HSO,REF,,,PERITÔNIO,SISTEMA DIGESTIVO E ANEXOS,PROCEDIMENTOS CIRÚRGICOS E INVASIVOS
IMPLANTE OU RETIRADA DE CATETER PERITONEAL (TENCKHOFF OU OUTROS),,,,,HCO,HSO,REF,PAC,,PERITÔNIO,SISTEMA DIGESTIVO E ANEXOS,PROCEDIMENTOS CIRÚRGICOS E INVASIVOS
OMENTECTOMIA,,,,,HCO,HSO,REF,,,PERITÔNIO,SISTEMA DIGESTIVO E ANEXOS,PROCEDIMENTOS CIRÚRGICOS E INVASIVOS
OMENTECTOMIA LAPAROSCÓPICA,,,,,HCO,HSO,REF,,,PERITÔNIO,SISTEMA DIGESTIVO E ANEXOS,PROCEDIMENTOS CIRÚRGICOS E INVASIVOS
BIÓPSIA DE PAREDE ABDOMINAL,,,,Seg. Ambulatorial,HCO,HSO,REF,,,"ABDOME, PAREDE E CAVIDADE",SISTEMA DIGESTIVO E ANEXOS,PROCEDIMENTOS CIRÚRGICOS E INVASIVOS
CISTO SACRO-COCCÍGEO - TRATAMENTO CIRÚRGICO,,,,,HCO,HSO,REF,,,"ABDOME, PAREDE E CAVIDADE",SISTEMA DIGESTIVO E ANEXOS,PROCEDIMENTOS CIRÚRGICOS E INVASIVOS
DIÁSTASE DOS RETOS-ABDOMINAIS - TRATAMENTO CIRÚRGICO,,,,,HCO,HSO,REF,,,"ABDOME, PAREDE E CAVIDADE",SISTEMA DIGESTIVO E ANEXOS,PROCEDIMENTOS CIRÚRGICOS E INVASIVOS
HÉRNIA - TRATAMENTO CIRÚRGICO,,,,,HCO,HSO,REF,,,"ABDOME, PAREDE E CAVIDADE",SISTEMA DIGESTIVO E ANEXOS,PROCEDIMENTOS CIRÚRGICOS E INVASIVOS
HERNIORRAFIA COM OU SEM RESSECÇÃO INTESTINAL,,,,,HCO,HSO,REF,,,"ABDOME, PAREDE E CAVIDADE",SISTEMA DIGESTIVO E ANEXOS,PROCEDIMENTOS CIRÚRGICOS E INVASIVOS
