0,1,2,3,4,5,6,7,8,9,10,11,12
PROCEDIMENTO,"RN
(alteração)",VIGÊNCIA,Seg. Odontológica,Seg. Ambulatorial,HCO,HSO,REF,PAC,DUT,SUBGRUPO,GRUPO,CAPÍTULO
SCHISTOSOMA MANSONI - IGG / IGM,,,,Seg. Ambulatorial,HCO,HSO,REF,,,IMUNOLOGIA,PROCEDIMENTOS LABORATORIAIS,"PROCEDIMENTOS DIAGNÓSTICOS E
TERAPÊUTICOS"
SÍFILIS - FTA-Abs-IgG,,,,Seg. Ambulatorial,HCO,HSO,REF,,,IMUNOLOGIA,PROCEDIMENTOS LABORATORIAIS,"PROCEDIMENTOS DIAGNÓSTICOS E
TERAPÊUTICOS"
SÍFILIS - FTA-ABS-IGM,,,,Seg. Ambulatorial,HCO,HSO,REF,,,IMUNOLOGIA,PROCEDIMENTOS LABORATORIAIS,"PROCEDIMENTOS DIAGNÓSTICOS E
TERAPÊUTICOS"
SÍFILIS - TPHA,,,,Seg. Ambulatorial,HCO,HSO,REF,,,IMUNOLOGIA,PROCEDIMENTOS LABORATORIAIS,"PROCEDIMENTOS DIAGNÓSTICOS E
TERAPÊUTICOS"
SÍFILIS - VDRL (SOROLOGIA PARA LUES),,,,Seg. Ambulatorial,HCO,HSO,REF,,,IMUNOLOGIA,PROCEDIMENTOS LABORATORIAIS,"PROCEDIMENTOS DIAGNÓSTICOS E
TERAPÊUTICOS"
"TESTE DE FLUXO LATERAL PARA DETECÇÃO DE LIPOARABINOMANANO EM URINA (LF - LAM) (COM DIRETRIZ
DE UTILIZAÇÃO)",619/2024,02/01/2025,,Seg. Ambulatorial,HCO,HSO,REF,,167,IMUNOLOGIA,PROCEDIMENTOS LABORATORIAIS,"PROCEDIMENTOS DIAGNÓSTICOS E
TERAPÊUTICOS"
"TIPAGEM HLA, LOCI A E B, MÉTODOS IMUNOLÓGICOS (TIPAGEM DO RECEPTOR E DOS CANDIDATOS A
DOADOR)",,,,Seg. Ambulatorial,HCO,HSO,REF,PAC,,IMUNOLOGIA,PROCEDIMENTOS LABORATORIAIS,"PROCEDIMENTOS DIAGNÓSTICOS E
TERAPÊUTICOS"
"TIPAGEM HLA, LOCI A E B, MÉTODOS MOLECULARES DE BAIXA A MÉDIA RESOLUÇÃO (TIPAGEM DO
RECEPTOR E DOS CANDIDATOS A DOADOR)",,,,Seg. Ambulatorial,HCO,HSO,REF,,,IMUNOLOGIA,PROCEDIMENTOS LABORATORIAIS,"PROCEDIMENTOS DIAGNÓSTICOS E
TERAPÊUTICOS"
"TIPAGEM HLA, LOCI DR E DQ, MÉTODOS IMUNOLÓGICOS (TIPAGEM DO RECEPTOR E DOS CANDIDATOS A
DOADOR)",,,,Seg. Ambulatorial,HCO,HSO,REF,,,IMUNOLOGIA,PROCEDIMENTOS LABORATORIAIS,"PROCEDIMENTOS DIAGNÓSTICOS E
TERAPÊUTICOS"
"TIPAGEM HLA, LOCI DR E DQ, MÉTODOS MOLECULARES DE ALTA RESOLUÇÃO (TIPAGEM DO RECEPTOR E
DOS CANDIDATOS A DOADOR)",,,,Seg. Ambulatorial,HCO,HSO,REF,,,IMUNOLOGIA,PROCEDIMENTOS LABORATORIAIS,"PROCEDIMENTOS DIAGNÓSTICOS E
TERAPÊUTICOS"
"TIPAGEM HLA, LOCI DR E DQ, MÉTODOS MOLECULARES DE BAIXA A MÉDIA RESOLUÇÃO (TIPAGEM DO
RECEPTOR E DOS CANDIDATOS A DOADOR)",,,,Seg. Ambulatorial,HCO,HSO,REF,,,IMUNOLOGIA,PROCEDIMENTOS LABORATORIAIS,"PROCEDIMENTOS DIAGNÓSTICOS E
TERAPÊUTICOS"
TOXOCARA CANIS - IGG / IGM,,,,Seg. Ambulatorial,HCO,HSO,REF,,,IMUNOLOGIA,PROCEDIMENTOS LABORATORIAIS,"PROCEDIMENTOS DIAGNÓSTICOS E
TERAPÊUTICOS"
TOXOPLASMOSE - IGA,,,,Seg. Ambulatorial,HCO,HSO,REF,,,IMUNOLOGIA,PROCEDIMENTOS LABORATORIAIS,"PROCEDIMENTOS DIAGNÓSTICOS E
TERAPÊUTICOS"
TOXOPLASMOSE - IGG/IGM,,,,Seg. Ambulatorial,HCO,HSO,REF,,,IMUNOLOGIA,PROCEDIMENTOS LABORATORIAIS,"PROCEDIMENTOS DIAGNÓSTICOS E
TERAPÊUTICOS"
"VÍRUS SINCICIAL RESPIRATÓRIO, IGG E/OU IGM",,,,Seg. Ambulatorial,HCO,HSO,REF,,,IMUNOLOGIA,PROCEDIMENTOS LABORATORIAIS,"PROCEDIMENTOS DIAGNÓSTICOS E
TERAPÊUTICOS"
VÍRUS ZIKA - IGM (COM DIRETRIZ DE UTILIZAÇÃO),,,,Seg. Ambulatorial,HCO,HSO,REF,,112,IMUNOLOGIA,PROCEDIMENTOS LABORATORIAIS,"PROCEDIMENTOS DIAGNÓSTICOS E
TERAPÊUTICOS"
VÍRUS ZIKA - IGG (COM DIRETRIZ DE UTILIZAÇÃO),,,,Seg. Ambulatorial,HCO,HSO,REF,,113,IMUNOLOGIA,PROCEDIMENTOS LABORATORIAIS,"PROCEDIMENTOS DIAGNÓSTICOS E
TERAPÊUTICOS"
WAALER-ROSE (FATOR REUMATÓIDE),,,,Seg. Ambulatorial,HCO,HSO,REF,,,IMUNOLOGIA,PROCEDIMENTOS LABORATORIAIS,"PROCEDIMENTOS DIAGNÓSTICOS E
TERAPÊUTICOS"
WESTERN BLOT (ANTICORPOS ANTI-HCV),,,,Seg. Ambulatorial,HCO,HSO,REF,,,IMUNOLOGIA,PROCEDIMENTOS LABORATORIAIS,"PROCEDIMENTOS DIAGNÓSTICOS E
TERAPÊUTICOS"
