0,1,2,3,4,5,6,7,8,9,10,11,12
PROCEDIMENTO,"RN
(alteração)",VIGÊNCIA,Seg. Odontológica,Seg. Ambulatorial,HCO,HSO,REF,PAC,DUT,SUBGRUPO,GRUPO,CAPÍTULO
PERICONDRITE DE PAVILHÃO - TRATAMENTO CIRÚRGICO,,,,,HCO,HSO,REF,,,ORELHA EXTERNA,ORELHA,PROCEDIMENTOS CIRÚRGICOS E INVASIVOS
RETIRADA DE CORPOS ESTRANHOS OU PÓLIPOS E OU BIÓPSIA,,,,Seg. Ambulatorial,HCO,HSO,REF,,,ORELHA EXTERNA,ORELHA,PROCEDIMENTOS CIRÚRGICOS E INVASIVOS
TUMOR DE CONDUTO AUDITIVO EXTERNO - EXÉRESE,,,,Seg. Ambulatorial,HCO,HSO,REF,,,ORELHA EXTERNA,ORELHA,PROCEDIMENTOS CIRÚRGICOS E INVASIVOS
CAUTERIZAÇÃO DE MEMBRANA TIMPÂNICA,,,,Seg. Ambulatorial,HCO,HSO,REF,,,ORELHA MÉDIA,ORELHA,PROCEDIMENTOS CIRÚRGICOS E INVASIVOS
DUCHA DE POLITZER OU CURATIVO DE OUVIDO,,,,Seg. Ambulatorial,HCO,HSO,REF,,,ORELHA MÉDIA,ORELHA,PROCEDIMENTOS CIRÚRGICOS E INVASIVOS
ESTAPEDECTOMIA OU ESTAPEDOTOMIA,,,,,HCO,HSO,REF,,,ORELHA MÉDIA,ORELHA,PROCEDIMENTOS CIRÚRGICOS E INVASIVOS
EXPLORAÇÃO E DESCOMPRESSÃO DO NERVO FACIAL INTRATEMPORAL,,,,,HCO,HSO,REF,,,ORELHA MÉDIA,ORELHA,PROCEDIMENTOS CIRÚRGICOS E INVASIVOS
FÍSTULA PERILINFÁTICA - FECHAMENTO CIRÚRGICO,,,,,HCO,HSO,REF,,,ORELHA MÉDIA,ORELHA,PROCEDIMENTOS CIRÚRGICOS E INVASIVOS
GLOMUS JUGULAR - RESSECÇÃO,,,,,HCO,HSO,REF,,,ORELHA MÉDIA,ORELHA,PROCEDIMENTOS CIRÚRGICOS E INVASIVOS
GLOMUS TIMPÂNICUS - RESSECÇÃO,,,,,HCO,HSO,REF,,,ORELHA MÉDIA,ORELHA,PROCEDIMENTOS CIRÚRGICOS E INVASIVOS
MASTOIDECTOMIA,,,,,HCO,HSO,REF,,,ORELHA MÉDIA,ORELHA,PROCEDIMENTOS CIRÚRGICOS E INVASIVOS
OUVIDO CONGÊNITO - TRATAMENTO CIRÚRGICO,,,,,HCO,HSO,REF,,,ORELHA MÉDIA,ORELHA,PROCEDIMENTOS CIRÚRGICOS E INVASIVOS
PARACENTESE DO TÍMPANO - MIRINGOTOMIA,,,,Seg. Ambulatorial,HCO,HSO,REF,,,ORELHA MÉDIA,ORELHA,PROCEDIMENTOS CIRÚRGICOS E INVASIVOS
IMPLANTE DE PRÓTESE AUDITIVA ANCORADA NO OSSO (COM DIRETRIZ DE UTILIZAÇÃO),,,,,HCO,HSO,REF,PAC,44,ORELHA MÉDIA,ORELHA,PROCEDIMENTOS CIRÚRGICOS E INVASIVOS
TÍMPANO-MASTOIDECTOMIA,,,,,HCO,HSO,REF,,,ORELHA MÉDIA,ORELHA,PROCEDIMENTOS CIRÚRGICOS E INVASIVOS
TIMPANOPLASTIA - MIRINGOPLASTIA,,,,,HCO,HSO,REF,,,ORELHA MÉDIA,ORELHA,PROCEDIMENTOS CIRÚRGICOS E INVASIVOS
TIMPANOPLASTIA COM RECONSTRUÇÃO DA CADEIA OSSICULAR,,,,,HCO,HSO,REF,,,ORELHA MÉDIA,ORELHA,PROCEDIMENTOS CIRÚRGICOS E INVASIVOS
TIMPANOTOMIA EXPLORADORA,,,,,HCO,HSO,REF,,,ORELHA MÉDIA,ORELHA,PROCEDIMENTOS CIRÚRGICOS E INVASIVOS
TIMPANOTOMIA PARA TUBO DE VENTILAÇÃO,,,,,HCO,HSO,REF,,,ORELHA MÉDIA,ORELHA,PROCEDIMENTOS CIRÚRGICOS E INVASIVOS
