0,1,2,3,4,5,6,7,8,9,10,11,12
PROCEDIMENTO,"RN
(alteração)",VIGÊNCIA,Seg. Odontológica,Seg. Ambulatorial,HCO,HSO,REF,PAC,DUT,SUBGRUPO,GRUPO,CAPÍTULO
RESSECÇÃO DE ANGIOFIBROMA,,,,,HCO,HSO,REF,,,SEIOS PARANASAIS,NARIZ E SEIOS PARANASAIS,PROCEDIMENTOS CIRÚRGICOS E INVASIVOS
RESSECÇÃO DE TUMOR BENIGNO,,,,,HCO,HSO,REF,,,SEIOS PARANASAIS,NARIZ E SEIOS PARANASAIS,PROCEDIMENTOS CIRÚRGICOS E INVASIVOS
RESSECÇÃO DO MAXILAR SUPERIOR E RECONSTRUÇÃO À CUSTA DE RETALHOS,,,,,HCO,HSO,REF,,,SEIOS PARANASAIS,NARIZ E SEIOS PARANASAIS,PROCEDIMENTOS CIRÚRGICOS E INVASIVOS
RESSECÇÃO DO MESO E INFRA-ESTRUTURA DO MAXILAR SUPERIOR,,,,,HCO,HSO,REF,,,SEIOS PARANASAIS,NARIZ E SEIOS PARANASAIS,PROCEDIMENTOS CIRÚRGICOS E INVASIVOS
SINUSECTOMIA FRONTAL COM RETALHO OSTEOPLÁSTICO OU VIA CORONAL,,,,,HCO,HSO,REF,,,SEIOS PARANASAIS,NARIZ E SEIOS PARANASAIS,PROCEDIMENTOS CIRÚRGICOS E INVASIVOS
SINUSECTOMIA FRONTO-ETMOIDAL POR VIA EXTERNA,,,,,HCO,HSO,REF,,,SEIOS PARANASAIS,NARIZ E SEIOS PARANASAIS,PROCEDIMENTOS CIRÚRGICOS E INVASIVOS
SINUSECTOMIA MAXILAR CALDWELL-LUC,,,,,HCO,HSO,REF,,,SEIOS PARANASAIS,NARIZ E SEIOS PARANASAIS,PROCEDIMENTOS CIRÚRGICOS E INVASIVOS
"SINUSECTOMIA MAXILAR OU ETMOIDAL OU ESFENOIDAL OU FRONTAL ENDOSCÓPICA OU POR MICROSCOPIA,
VIA ENDONASAL",,,,,HCO,HSO,REF,,,SEIOS PARANASAIS,NARIZ E SEIOS PARANASAIS,PROCEDIMENTOS CIRÚRGICOS E INVASIVOS
SINUSECTOMIA TRANSMAXILAR - ERMIRO DE LIMA,,,,,HCO,HSO,REF,,,SEIOS PARANASAIS,NARIZ E SEIOS PARANASAIS,PROCEDIMENTOS CIRÚRGICOS E INVASIVOS
SINUSOTOMIA ESFENOIDAL OU FRONTAL INTRANASAL OU FRONTAL VIA EXTERNA,,,,,HCO,HSO,REF,,,SEIOS PARANASAIS,NARIZ E SEIOS PARANASAIS,PROCEDIMENTOS CIRÚRGICOS E INVASIVOS
TRATAMENTO CIRÚRGICO - FÍSTULA OROANTRAL OU ORONASAL,,,,,HCO,HSO,REF,,,SEIOS PARANASAIS,NARIZ E SEIOS PARANASAIS,PROCEDIMENTOS CIRÚRGICOS E INVASIVOS
BIÓPSIA CIRÚRGICA DE COSTELA OU ESTERNO,,,,Seg. Ambulatorial,HCO,HSO,REF,,,PAREDE TORÁCICA,PAREDE TORÁCICA,PROCEDIMENTOS CIRÚRGICOS E INVASIVOS
CORREÇÃO DE DEFORMIDADES DA PAREDE TORÁCICA,,,,,HCO,HSO,REF,,,PAREDE TORÁCICA,PAREDE TORÁCICA,PROCEDIMENTOS CIRÚRGICOS E INVASIVOS
COSTECTOMIA,,,,,HCO,HSO,REF,,,PAREDE TORÁCICA,PAREDE TORÁCICA,PROCEDIMENTOS CIRÚRGICOS E INVASIVOS
ESTERNECTOMIA,,,,,HCO,HSO,REF,,,PAREDE TORÁCICA,PAREDE TORÁCICA,PROCEDIMENTOS CIRÚRGICOS E INVASIVOS
FECHAMENTO DE PLEUROSTOMIA,,,,,HCO,HSO,REF,,,PAREDE TORÁCICA,PAREDE TORÁCICA,PROCEDIMENTOS CIRÚRGICOS E INVASIVOS
MOBILIZAÇÃO DE RETALHOS MUSCULARES OU DO OMENTO,,,,,HCO,HSO,REF,,,PAREDE TORÁCICA,PAREDE TORÁCICA,PROCEDIMENTOS CIRÚRGICOS E INVASIVOS
PLUMBAGEM EXTRAFASCIAL,,,,,HCO,HSO,REF,,,PAREDE TORÁCICA,PAREDE TORÁCICA,PROCEDIMENTOS CIRÚRGICOS E INVASIVOS
PUNÇÃO BIÓPSIA DE COSTELA OU ESTERNO,,,,Seg. Ambulatorial,HCO,HSO,REF,,,PAREDE TORÁCICA,PAREDE TORÁCICA,PROCEDIMENTOS CIRÚRGICOS E INVASIVOS
