0,1,2,3,4,5,6,7,8,9,10,11,12
PROCEDIMENTO,"RN
(alteração)",VIGÊNCIA,Seg. Odontológica,Seg. Ambulatorial,HCO,HSO,REF,PAC,DUT,SUBGRUPO,GRUPO,CAPÍTULO
"BIÓPSIA DE PELE, TUMORES SUPERFICIAIS, TECIDO CELULAR SUBCUTÂNEO, LINFONODO SUPERFICIAL,
UNHA, ETC",,,,Seg. Ambulatorial,HCO,HSO,REF,,,PROCEDIMENTOS,"PELE E TECIDO CELULAR SUBCUTÂNEO,
MUCOSAS E ANEXOS",PROCEDIMENTOS CIRÚRGICOS E INVASIVOS
CALOSIDADE E/OU MAL PERFURANTE - DESBASTAMENTO,,,,Seg. Ambulatorial,HCO,HSO,REF,,,PROCEDIMENTOS,"PELE E TECIDO CELULAR SUBCUTÂNEO,
MUCOSAS E ANEXOS",PROCEDIMENTOS CIRÚRGICOS E INVASIVOS
CANTOPLASTIA UNGUEAL,,,,Seg. Ambulatorial,HCO,HSO,REF,,,PROCEDIMENTOS,"PELE E TECIDO CELULAR SUBCUTÂNEO,
MUCOSAS E ANEXOS",PROCEDIMENTOS CIRÚRGICOS E INVASIVOS
CAUTERIZAÇÃO QUÍMICA,,,,Seg. Ambulatorial,HCO,HSO,REF,,,PROCEDIMENTOS,"PELE E TECIDO CELULAR SUBCUTÂNEO,
MUCOSAS E ANEXOS",PROCEDIMENTOS CIRÚRGICOS E INVASIVOS
CIRURGIA DA HIDROSADENITE,,,,,HCO,HSO,REF,,,PROCEDIMENTOS,"PELE E TECIDO CELULAR SUBCUTÂNEO,
MUCOSAS E ANEXOS",PROCEDIMENTOS CIRÚRGICOS E INVASIVOS
CORREÇÃO CIRÚRGICA DE SEQUELAS DE ALOPECIA TRAUMÁTICA COM MICROENXERTOS PILOSOS,,,,,HCO,HSO,REF,,,PROCEDIMENTOS,"PELE E TECIDO CELULAR SUBCUTÂNEO,
MUCOSAS E ANEXOS",PROCEDIMENTOS CIRÚRGICOS E INVASIVOS
"CORREÇÃO DE DEFORMIDADES POR EXÉRESE DE TUMORES OU SEQÜELAS DE TRAUMATISMOS COM O
EMPREGO DE EXPANSORES EM RETALHOS CUTÂNEOS, MUSCULARES E/OU MIOCUTÂNEOS",,,,,HCO,HSO,REF,,,PROCEDIMENTOS,"PELE E TECIDO CELULAR SUBCUTÂNEO,
MUCOSAS E ANEXOS",PROCEDIMENTOS CIRÚRGICOS E INVASIVOS
CRIOCIRURGIA (NITROGÊNIO LÍQUIDO) DE NEOPLASIAS CUTÂNEAS,,,,Seg. Ambulatorial,HCO,HSO,REF,,,PROCEDIMENTOS,"PELE E TECIDO CELULAR SUBCUTÂNEO,
MUCOSAS E ANEXOS",PROCEDIMENTOS CIRÚRGICOS E INVASIVOS
CURATIVO DE QUEIMADURAS,,,,Seg. Ambulatorial,HCO,HSO,REF,,,PROCEDIMENTOS,"PELE E TECIDO CELULAR SUBCUTÂNEO,
MUCOSAS E ANEXOS",PROCEDIMENTOS CIRÚRGICOS E INVASIVOS
CURATIVO ESPECIAL SOB ANESTESIA,,,,,HCO,HSO,REF,,,PROCEDIMENTOS,"PELE E TECIDO CELULAR SUBCUTÂNEO,
MUCOSAS E ANEXOS",PROCEDIMENTOS CIRÚRGICOS E INVASIVOS
"CURETAGEM, ELETROCOAGULAÇÃO E/OU DERMOABRASÃO DE LESÕES DE PELE E MUCOSAS",,,,Seg. Ambulatorial,HCO,HSO,REF,,,PROCEDIMENTOS,"PELE E TECIDO CELULAR SUBCUTÂNEO,
MUCOSAS E ANEXOS",PROCEDIMENTOS CIRÚRGICOS E INVASIVOS
ABDOMINOPLASTIA (COM DIRETRIZ DE UTILIZAÇÃO),,,,,HCO,HSO,REF,,18,PROCEDIMENTOS,"PELE E TECIDO CELULAR SUBCUTÂNEO,
MUCOSAS E ANEXOS",PROCEDIMENTOS CIRÚRGICOS E INVASIVOS
DESBRIDAMENTO CIRÚRGICO,,,,Seg. Ambulatorial,HCO,HSO,REF,,,PROCEDIMENTOS,"PELE E TECIDO CELULAR SUBCUTÂNEO,
MUCOSAS E ANEXOS",PROCEDIMENTOS CIRÚRGICOS E INVASIVOS
DESBRIDAMENTO DE FERIMENTOS INFECTADOS E MORDIDAS DE ANIMAIS,,,,Seg. Ambulatorial,HCO,HSO,REF,,,PROCEDIMENTOS,"PELE E TECIDO CELULAR SUBCUTÂNEO,
MUCOSAS E ANEXOS",PROCEDIMENTOS CIRÚRGICOS E INVASIVOS
"ENXERTO DE CARTILAGEM, MUCOSA E/OU COMPOSTO",,,,,HCO,HSO,REF,,,PROCEDIMENTOS,"PELE E TECIDO CELULAR SUBCUTÂNEO,
MUCOSAS E ANEXOS",PROCEDIMENTOS CIRÚRGICOS E INVASIVOS
ENXERTO DE PELE MÚLTIPLO,,,,,HCO,HSO,REF,,,PROCEDIMENTOS,"PELE E TECIDO CELULAR SUBCUTÂNEO,
MUCOSAS E ANEXOS",PROCEDIMENTOS CIRÚRGICOS E INVASIVOS
ENXERTO OU HOMOENXERTO DE PELE,,,,,HCO,HSO,REF,,,PROCEDIMENTOS,"PELE E TECIDO CELULAR SUBCUTÂNEO,
MUCOSAS E ANEXOS",PROCEDIMENTOS CIRÚRGICOS E INVASIVOS
ESCALPO - TRATAMENTO CIRÚRGICO,,,,,HCO,HSO,REF,,,PROCEDIMENTOS,"PELE E TECIDO CELULAR SUBCUTÂNEO,
MUCOSAS E ANEXOS",PROCEDIMENTOS CIRÚRGICOS E INVASIVOS
ESCAROTOMIA DESCOMPRESSIVA,,,,Seg. Ambulatorial,HCO,HSO,REF,,,PROCEDIMENTOS,"PELE E TECIDO CELULAR SUBCUTÂNEO,
MUCOSAS E ANEXOS",PROCEDIMENTOS CIRÚRGICOS E INVASIVOS
