0,1,2,3,4,5,6,7,8,9,10,11,12
PROCEDIMENTO,"RN
(alteração)",VIGÊNCIA,Seg. Odontológica,Seg. Ambulatorial,HCO,HSO,REF,PAC,DUT,SUBGRUPO,GRUPO,CAPÍTULO
DESCOMPRESSÃO MEDULAR E/OU CAUDA EQUINA,,,,,HCO,HSO,REF,,,COLUNA VERTEBRAL,"SISTEMA MÚSCULO-ESQUELÉTICO E
ARTICULAÇÕES",PROCEDIMENTOS CIRÚRGICOS E INVASIVOS
FRATURA DO CÓCCIX - REDUÇÃO INCRUENTA,,,,Seg. Ambulatorial,HCO,HSO,REF,,,COLUNA VERTEBRAL,"SISTEMA MÚSCULO-ESQUELÉTICO E
ARTICULAÇÕES",PROCEDIMENTOS CIRÚRGICOS E INVASIVOS
FRATURA DO CÓCCIX - TRATAMENTO CIRÚRGICO,,,,,HCO,HSO,REF,,,COLUNA VERTEBRAL,"SISTEMA MÚSCULO-ESQUELÉTICO E
ARTICULAÇÕES",PROCEDIMENTOS CIRÚRGICOS E INVASIVOS
FRATURA E/OU LUXAÇÃO DE COLUNA VERTEBRAL - REDUÇÃO INCRUENTA,,,,Seg. Ambulatorial,HCO,HSO,REF,,,COLUNA VERTEBRAL,"SISTEMA MÚSCULO-ESQUELÉTICO E
ARTICULAÇÕES",PROCEDIMENTOS CIRÚRGICOS E INVASIVOS
FRATURAS OU FRATURA-LUXAÇÃO DE COLUNA - TRATAMENTO CIRÚRGICO,,,,,HCO,HSO,REF,,,COLUNA VERTEBRAL,"SISTEMA MÚSCULO-ESQUELÉTICO E
ARTICULAÇÕES",PROCEDIMENTOS CIRÚRGICOS E INVASIVOS
HEMIVÉRTEBRA - TRATAMENTO CIRÚRGICO,,,,,HCO,HSO,REF,,,COLUNA VERTEBRAL,"SISTEMA MÚSCULO-ESQUELÉTICO E
ARTICULAÇÕES",PROCEDIMENTOS CIRÚRGICOS E INVASIVOS
HÉRNIA DE DISCO - TRATAMENTO CIRÚRGICO,,,,,HCO,HSO,REF,,,COLUNA VERTEBRAL,"SISTEMA MÚSCULO-ESQUELÉTICO E
ARTICULAÇÕES",PROCEDIMENTOS CIRÚRGICOS E INVASIVOS
LAMINECTOMIA OU LAMINOTOMIA,,,,,HCO,HSO,REF,,,COLUNA VERTEBRAL,"SISTEMA MÚSCULO-ESQUELÉTICO E
ARTICULAÇÕES",PROCEDIMENTOS CIRÚRGICOS E INVASIVOS
MICROCIRURGIA PARA TUMORES EXTRA OU INTRADURAIS,,,,,HCO,HSO,REF,,,COLUNA VERTEBRAL,"SISTEMA MÚSCULO-ESQUELÉTICO E
ARTICULAÇÕES",PROCEDIMENTOS CIRÚRGICOS E INVASIVOS
OSTEOTOMIA DE COLUNA VERTEBRAL - TRATAMENTO CIRÚRGICO,,,,,HCO,HSO,REF,,,COLUNA VERTEBRAL,"SISTEMA MÚSCULO-ESQUELÉTICO E
ARTICULAÇÕES",PROCEDIMENTOS CIRÚRGICOS E INVASIVOS
PSEUDARTROSE DE COLUNA - TRATAMENTO CIRÚRGICO,,,,,HCO,HSO,REF,,,COLUNA VERTEBRAL,"SISTEMA MÚSCULO-ESQUELÉTICO E
ARTICULAÇÕES",PROCEDIMENTOS CIRÚRGICOS E INVASIVOS
REDUÇÃO INCRUENTA DE OUTRAS AFECÇÕES DA COLUNA,,,,Seg. Ambulatorial,HCO,HSO,REF,,,COLUNA VERTEBRAL,"SISTEMA MÚSCULO-ESQUELÉTICO E
ARTICULAÇÕES",PROCEDIMENTOS CIRÚRGICOS E INVASIVOS
RETIRADA DE CORPO ESTRANHO - TRATAMENTO CIRÚRGICO,,,,,HCO,HSO,REF,,,COLUNA VERTEBRAL,"SISTEMA MÚSCULO-ESQUELÉTICO E
ARTICULAÇÕES",PROCEDIMENTOS CIRÚRGICOS E INVASIVOS
RETIRADA DE MATERIAL DE SÍNTESE - TRATAMENTO CIRÚRGICO,,,,,HCO,HSO,REF,,,COLUNA VERTEBRAL,"SISTEMA MÚSCULO-ESQUELÉTICO E
ARTICULAÇÕES",PROCEDIMENTOS CIRÚRGICOS E INVASIVOS
SUBSTITUIÇÃO DE CORPO VERTEBRAL,,,,,HCO,HSO,REF,,,COLUNA VERTEBRAL,"SISTEMA MÚSCULO-ESQUELÉTICO E
ARTICULAÇÕES",PROCEDIMENTOS CIRÚRGICOS E INVASIVOS
TRAÇÃO CERVICAL TRANSESQUELÉTICA,,,,,HCO,HSO,REF,,,COLUNA VERTEBRAL,"SISTEMA MÚSCULO-ESQUELÉTICO E
ARTICULAÇÕES",PROCEDIMENTOS CIRÚRGICOS E INVASIVOS
TRATAMENTO CIRÚRGICO DA CIFOSE INFANTIL,,,,,HCO,HSO,REF,,,COLUNA VERTEBRAL,"SISTEMA MÚSCULO-ESQUELÉTICO E
ARTICULAÇÕES",PROCEDIMENTOS CIRÚRGICOS E INVASIVOS
TRATAMENTO CIRÚRGICO DA COSTELA CERVICAL,,,,,HCO,HSO,REF,,,COLUNA VERTEBRAL,"SISTEMA MÚSCULO-ESQUELÉTICO E
ARTICULAÇÕES",PROCEDIMENTOS CIRÚRGICOS E INVASIVOS
TRATAMENTO CIRÚRGICO DA LESÃO TRAUMÁTICA RAQUIMEDULAR,,,,,HCO,HSO,REF,,,COLUNA VERTEBRAL,"SISTEMA MÚSCULO-ESQUELÉTICO E
ARTICULAÇÕES",PROCEDIMENTOS CIRÚRGICOS E INVASIVOS
