0,1,2,3,4,5,6,7,8,9,10,11,12
PROCEDIMENTO,"RN
(alteração)",VIGÊNCIA,Seg. Odontológica,Seg. Ambulatorial,HCO,HSO,REF,PAC,DUT,SUBGRUPO,GRUPO,CAPÍTULO
INSULINA,,,,Seg. Ambulatorial,HCO,HSO,REF,,,ENDOCRINOLOGIA LABORATORIAL,PROCEDIMENTOS LABORATORIAIS,"PROCEDIMENTOS DIAGNÓSTICOS E
TERAPÊUTICOS"
MACROPROLACTINA,,,,Seg. Ambulatorial,HCO,HSO,REF,,,ENDOCRINOLOGIA LABORATORIAL,PROCEDIMENTOS LABORATORIAIS,"PROCEDIMENTOS DIAGNÓSTICOS E
TERAPÊUTICOS"
N-TELOPEPTÍDEO,,,,Seg. Ambulatorial,HCO,HSO,REF,,,ENDOCRINOLOGIA LABORATORIAL,PROCEDIMENTOS LABORATORIAIS,"PROCEDIMENTOS DIAGNÓSTICOS E
TERAPÊUTICOS"
OSTEOCALCINA,,,,Seg. Ambulatorial,HCO,HSO,REF,,,ENDOCRINOLOGIA LABORATORIAL,PROCEDIMENTOS LABORATORIAIS,"PROCEDIMENTOS DIAGNÓSTICOS E
TERAPÊUTICOS"
PARATORMÔNIO - PTH,,,,Seg. Ambulatorial,HCO,HSO,REF,,,ENDOCRINOLOGIA LABORATORIAL,PROCEDIMENTOS LABORATORIAIS,"PROCEDIMENTOS DIAGNÓSTICOS E
TERAPÊUTICOS"
PEPTÍDEO C,,,,Seg. Ambulatorial,HCO,HSO,REF,,,ENDOCRINOLOGIA LABORATORIAL,PROCEDIMENTOS LABORATORIAIS,"PROCEDIMENTOS DIAGNÓSTICOS E
TERAPÊUTICOS"
PREGNANDIOL,,,,Seg. Ambulatorial,HCO,HSO,REF,,,ENDOCRINOLOGIA LABORATORIAL,PROCEDIMENTOS LABORATORIAIS,"PROCEDIMENTOS DIAGNÓSTICOS E
TERAPÊUTICOS"
PROGESTERONA,,,,Seg. Ambulatorial,HCO,HSO,REF,,,ENDOCRINOLOGIA LABORATORIAL,PROCEDIMENTOS LABORATORIAIS,"PROCEDIMENTOS DIAGNÓSTICOS E
TERAPÊUTICOS"
PROLACTINA,,,,Seg. Ambulatorial,HCO,HSO,REF,,,ENDOCRINOLOGIA LABORATORIAL,PROCEDIMENTOS LABORATORIAIS,"PROCEDIMENTOS DIAGNÓSTICOS E
TERAPÊUTICOS"
RENINA,,,,Seg. Ambulatorial,HCO,HSO,REF,,,ENDOCRINOLOGIA LABORATORIAL,PROCEDIMENTOS LABORATORIAIS,"PROCEDIMENTOS DIAGNÓSTICOS E
TERAPÊUTICOS"
SOMATOMEDINA C (IGF1),,,,Seg. Ambulatorial,HCO,HSO,REF,,,ENDOCRINOLOGIA LABORATORIAL,PROCEDIMENTOS LABORATORIAIS,"PROCEDIMENTOS DIAGNÓSTICOS E
TERAPÊUTICOS"
SULFATO DE DEHIDROEPIANDROSTERONA (S-DHEA),,,,Seg. Ambulatorial,HCO,HSO,REF,,,ENDOCRINOLOGIA LABORATORIAL,PROCEDIMENTOS LABORATORIAIS,"PROCEDIMENTOS DIAGNÓSTICOS E
TERAPÊUTICOS"
T3 LIVRE,,,,Seg. Ambulatorial,HCO,HSO,REF,,,ENDOCRINOLOGIA LABORATORIAL,PROCEDIMENTOS LABORATORIAIS,"PROCEDIMENTOS DIAGNÓSTICOS E
TERAPÊUTICOS"
T3 RETENÇÃO,,,,Seg. Ambulatorial,HCO,HSO,REF,,,ENDOCRINOLOGIA LABORATORIAL,PROCEDIMENTOS LABORATORIAIS,"PROCEDIMENTOS DIAGNÓSTICOS E
TERAPÊUTICOS"
T3 REVERSO,,,,Seg. Ambulatorial,HCO,HSO,REF,,,ENDOCRINOLOGIA LABORATORIAL,PROCEDIMENTOS LABORATORIAIS,"PROCEDIMENTOS DIAGNÓSTICOS E
TERAPÊUTICOS"
T4 LIVRE,,,,Seg. Ambulatorial,HCO,HSO,REF,,,ENDOCRINOLOGIA LABORATORIAL,PROCEDIMENTOS LABORATORIAIS,"PROCEDIMENTOS DIAGNÓSTICOS E
TERAPÊUTICOS"
TESTE DE ESTÍMULO DA PROLACTINA APÓS TRH,,,,Seg. Ambulatorial,HCO,HSO,REF,,,ENDOCRINOLOGIA LABORATORIAL,PROCEDIMENTOS LABORATORIAIS,"PROCEDIMENTOS DIAGNÓSTICOS E
TERAPÊUTICOS"
TESTE DE ESTÍMULO DO TSH APÓS TRH,,,,Seg. Ambulatorial,HCO,HSO,REF,,,ENDOCRINOLOGIA LABORATORIAL,PROCEDIMENTOS LABORATORIAIS,"PROCEDIMENTOS DIAGNÓSTICOS E
TERAPÊUTICOS"
"TESTE DIAGNÓSTICO DO DIABETES INSÍPIDUS (TESTE DE PRIVAÇÃO HÍDRICA, SEGUIDO DE ADMINISTRAÇÃO
DE DESMOPRESSINA (DDAVP) E INFUSÃO DE SOLUÇÃO SALINA HIPERTÔNICA (3%))",,,,Seg. Ambulatorial,HCO,HSO,REF,,,ENDOCRINOLOGIA LABORATORIAL,PROCEDIMENTOS LABORATORIAIS,"PROCEDIMENTOS DIAGNÓSTICOS E
TERAPÊUTICOS"
