0,1,2,3,4,5,6,7,8,9,10,11,12
PROCEDIMENTO,"RN
(alteração)",VIGÊNCIA,Seg. Odontológica,Seg. Ambulatorial,HCO,HSO,REF,PAC,DUT,SUBGRUPO,GRUPO,CAPÍTULO
"ALFA-1-ANTITRIPSINA, DOSAGEM NO SORO",,,,Seg. Ambulatorial,HCO,HSO,REF,,,"BIOQUÍMICA (SANGUE, URINA E OUTROS
MATERIAIS)",PROCEDIMENTOS LABORATORIAIS,"PROCEDIMENTOS DIAGNÓSTICOS E
TERAPÊUTICOS"
ALFA-1-GLICOPROTEÍNA ÁCIDA,,,,Seg. Ambulatorial,HCO,HSO,REF,,,"BIOQUÍMICA (SANGUE, URINA E OUTROS
MATERIAIS)",PROCEDIMENTOS LABORATORIAIS,"PROCEDIMENTOS DIAGNÓSTICOS E
TERAPÊUTICOS"
ALFA-2-MACROGLOBULINA,,,,Seg. Ambulatorial,HCO,HSO,REF,,,"BIOQUÍMICA (SANGUE, URINA E OUTROS
MATERIAIS)",PROCEDIMENTOS LABORATORIAIS,"PROCEDIMENTOS DIAGNÓSTICOS E
TERAPÊUTICOS"
ALFA-FETOPROTEÍNA,,,,Seg. Ambulatorial,HCO,HSO,REF,,,"BIOQUÍMICA (SANGUE, URINA E OUTROS
MATERIAIS)",PROCEDIMENTOS LABORATORIAIS,"PROCEDIMENTOS DIAGNÓSTICOS E
TERAPÊUTICOS"
ALUMÍNIO,,,,Seg. Ambulatorial,HCO,HSO,REF,,,"BIOQUÍMICA (SANGUE, URINA E OUTROS
MATERIAIS)",PROCEDIMENTOS LABORATORIAIS,"PROCEDIMENTOS DIAGNÓSTICOS E
TERAPÊUTICOS"
AMILASE,,,,Seg. Ambulatorial,HCO,HSO,REF,,,"BIOQUÍMICA (SANGUE, URINA E OUTROS
MATERIAIS)",PROCEDIMENTOS LABORATORIAIS,"PROCEDIMENTOS DIAGNÓSTICOS E
TERAPÊUTICOS"
AMILASE TOTAL E PANCREÁTICA,,,,Seg. Ambulatorial,HCO,HSO,REF,,,"BIOQUÍMICA (SANGUE, URINA E OUTROS
MATERIAIS)",PROCEDIMENTOS LABORATORIAIS,"PROCEDIMENTOS DIAGNÓSTICOS E
TERAPÊUTICOS"
AMILOIDOSE - TTR,,,,Seg. Ambulatorial,HCO,HSO,REF,,,"BIOQUÍMICA (SANGUE, URINA E OUTROS
MATERIAIS)",PROCEDIMENTOS LABORATORIAIS,"PROCEDIMENTOS DIAGNÓSTICOS E
TERAPÊUTICOS"
"AMINOÁCIDOS, FRACIONAMENTO E QUANTIFICAÇÃO",,,,Seg. Ambulatorial,HCO,HSO,REF,,,"BIOQUÍMICA (SANGUE, URINA E OUTROS
MATERIAIS)",PROCEDIMENTOS LABORATORIAIS,"PROCEDIMENTOS DIAGNÓSTICOS E
TERAPÊUTICOS"
AMÔNIA,,,,Seg. Ambulatorial,HCO,HSO,REF,,,"BIOQUÍMICA (SANGUE, URINA E OUTROS
MATERIAIS)",PROCEDIMENTOS LABORATORIAIS,"PROCEDIMENTOS DIAGNÓSTICOS E
TERAPÊUTICOS"
AMP - CÍCLICO NEFROGÊNICO (SANGUE E URINA),,,,Seg. Ambulatorial,HCO,HSO,REF,,,"BIOQUÍMICA (SANGUE, URINA E OUTROS
MATERIAIS)",PROCEDIMENTOS LABORATORIAIS,"PROCEDIMENTOS DIAGNÓSTICOS E
TERAPÊUTICOS"
APOLIPOPROTEÍNA A (APO A),,,,Seg. Ambulatorial,HCO,HSO,REF,,,"BIOQUÍMICA (SANGUE, URINA E OUTROS
MATERIAIS)",PROCEDIMENTOS LABORATORIAIS,"PROCEDIMENTOS DIAGNÓSTICOS E
TERAPÊUTICOS"
APOLIPOPROTEÍNA B (APO B),,,,Seg. Ambulatorial,HCO,HSO,REF,,,"BIOQUÍMICA (SANGUE, URINA E OUTROS
MATERIAIS)",PROCEDIMENTOS LABORATORIAIS,"PROCEDIMENTOS DIAGNÓSTICOS E
TERAPÊUTICOS"
BETA-GLICURONIDASE,,,,Seg. Ambulatorial,HCO,HSO,REF,,,"BIOQUÍMICA (SANGUE, URINA E OUTROS
MATERIAIS)",PROCEDIMENTOS LABORATORIAIS,"PROCEDIMENTOS DIAGNÓSTICOS E
TERAPÊUTICOS"
BICARBONATO,,,,Seg. Ambulatorial,HCO,HSO,REF,,,"BIOQUÍMICA (SANGUE, URINA E OUTROS
MATERIAIS)",PROCEDIMENTOS LABORATORIAIS,"PROCEDIMENTOS DIAGNÓSTICOS E
TERAPÊUTICOS"
BILIRRUBINAS,,,,Seg. Ambulatorial,HCO,HSO,REF,,,"BIOQUÍMICA (SANGUE, URINA E OUTROS
MATERIAIS)",PROCEDIMENTOS LABORATORIAIS,"PROCEDIMENTOS DIAGNÓSTICOS E
TERAPÊUTICOS"
CÁLCIO,,,,Seg. Ambulatorial,HCO,HSO,REF,,,"BIOQUÍMICA (SANGUE, URINA E OUTROS
MATERIAIS)",PROCEDIMENTOS LABORATORIAIS,"PROCEDIMENTOS DIAGNÓSTICOS E
TERAPÊUTICOS"
CÁLCIO IÔNICO,,,,Seg. Ambulatorial,HCO,HSO,REF,,,"BIOQUÍMICA (SANGUE, URINA E OUTROS
MATERIAIS)",PROCEDIMENTOS LABORATORIAIS,"PROCEDIMENTOS DIAGNÓSTICOS E
TERAPÊUTICOS"
CAPACIDADE DE FIXAÇÃO DE FERRO,,,,Seg. Ambulatorial,HCO,HSO,REF,,,"BIOQUÍMICA (SANGUE, URINA E OUTROS
MATERIAIS)",PROCEDIMENTOS LABORATORIAIS,"PROCEDIMENTOS DIAGNÓSTICOS E
TERAPÊUTICOS"
