0,1,2,3,4,5,6,7,8,9,10,11,12
PROCEDIMENTO,"RN
(alteração)",VIGÊNCIA,Seg. Odontológica,Seg. Ambulatorial,HCO,HSO,REF,PAC,DUT,SUBGRUPO,GRUPO,CAPÍTULO
ULTRASSONOGRAFIA OBSTÉTRICA MORFOLÓGICA (COM DIRETRIZ DE UTILIZAÇÃO),,,,Seg. Ambulatorial,HCO,,REF,,75,ULTRASSONOGRAFIA DIAGNÓSTICA,MÉTODOS DIAGNÓSTICOS POR IMAGEM,"PROCEDIMENTOS DIAGNÓSTICOS E
TERAPÊUTICOS"
ULTRASSONOGRAFIA OBSTÉTRICA: PERFIL BIOFÍSICO FETAL,,,,Seg. Ambulatorial,HCO,,REF,,,ULTRASSONOGRAFIA DIAGNÓSTICA,MÉTODOS DIAGNÓSTICOS POR IMAGEM,"PROCEDIMENTOS DIAGNÓSTICOS E
TERAPÊUTICOS"
ULTRASSONOGRAFIA - PEÇA CIRÚGICA,,,,Seg. Ambulatorial,HCO,,REF,,,ULTRASSONOGRAFIA DIAGNÓSTICA,MÉTODOS DIAGNÓSTICOS POR IMAGEM,"PROCEDIMENTOS DIAGNÓSTICOS E
TERAPÊUTICOS"
ULTRASSONOGRAFIA TORÁCICA EXTRACARDÍACA,,,,Seg. Ambulatorial,HCO,HSO,REF,,,ULTRASSONOGRAFIA DIAGNÓSTICA,MÉTODOS DIAGNÓSTICOS POR IMAGEM,"PROCEDIMENTOS DIAGNÓSTICOS E
TERAPÊUTICOS"
ULTRASSONOGRAFIA TRANSVAGINAL (INCLUI ABDOME INFERIOR FEMININO),,,,Seg. Ambulatorial,HCO,HSO,REF,,,ULTRASSONOGRAFIA DIAGNÓSTICA,MÉTODOS DIAGNÓSTICOS POR IMAGEM,"PROCEDIMENTOS DIAGNÓSTICOS E
TERAPÊUTICOS"
ULTRASSONOGRAFIA TRANSVAGINAL PARA CONTROLE DE OVULAÇÃO (INCLUI ABDOME INFERIOR FEMININO),,,,Seg. Ambulatorial,HCO,HSO,REF,,,ULTRASSONOGRAFIA DIAGNÓSTICA,MÉTODOS DIAGNÓSTICOS POR IMAGEM,"PROCEDIMENTOS DIAGNÓSTICOS E
TERAPÊUTICOS"
DOPPLER COLORIDO INTRA-OPERATÓRIO,,,,,HCO,HSO,REF,,,ULTRASSONOGRAFIA INTERVENCIONISTA,MÉTODOS DIAGNÓSTICOS POR IMAGEM,"PROCEDIMENTOS DIAGNÓSTICOS E
TERAPÊUTICOS"
ECODOPPLERCARDIOGRAMA TRANSOPERATÓRIO - TRANSESOFÁGICO OU EPICÁRDICO,,,,Seg. Ambulatorial,HCO,HSO,REF,,,ULTRASSONOGRAFIA INTERVENCIONISTA,MÉTODOS DIAGNÓSTICOS POR IMAGEM,"PROCEDIMENTOS DIAGNÓSTICOS E
TERAPÊUTICOS"
PUNÇÃO ASPIRATIVA ORIENTADA POR US,,,,Seg. Ambulatorial,HCO,HSO,REF,,,ULTRASSONOGRAFIA INTERVENCIONISTA,MÉTODOS DIAGNÓSTICOS POR IMAGEM,"PROCEDIMENTOS DIAGNÓSTICOS E
TERAPÊUTICOS"
PUNÇÃO VASCULAR ORIENTADA POR US,,,,Seg. Ambulatorial,HCO,HSO,REF,,,ULTRASSONOGRAFIA INTERVENCIONISTA,MÉTODOS DIAGNÓSTICOS POR IMAGEM,"PROCEDIMENTOS DIAGNÓSTICOS E
TERAPÊUTICOS"
"REDUÇÃO DE INVAGINAÇÃO INTESTINAL POR ENEMA, ORIENTADA POR US",,,,Seg. Ambulatorial,HCO,HSO,REF,PAC,,ULTRASSONOGRAFIA INTERVENCIONISTA,MÉTODOS DIAGNÓSTICOS POR IMAGEM,"PROCEDIMENTOS DIAGNÓSTICOS E
TERAPÊUTICOS"
ULTRASSONOGRAFIA TRANSRETAL COM BIÓPSIA,,,,,HCO,HSO,REF,PAC,,ULTRASSONOGRAFIA INTERVENCIONISTA,MÉTODOS DIAGNÓSTICOS POR IMAGEM,"PROCEDIMENTOS DIAGNÓSTICOS E
TERAPÊUTICOS"
"ULTRASSONOGRAFIA OBSTÉTRICA (COM AMNIOCENTESE, BIÓPSIA OU PUNÇÃO ASPIRATIVA)",,,,Seg. Ambulatorial,HCO,,REF,,,ULTRASSONOGRAFIA INTERVENCIONISTA,MÉTODOS DIAGNÓSTICOS POR IMAGEM,"PROCEDIMENTOS DIAGNÓSTICOS E
TERAPÊUTICOS"
"ANGIOTOMOGRAFIA (CRÂNIO, PESCOÇO, TÓRAX, ABDOME SUPERIOR OU PELVE) - ARTERIAL OU VENOSA
(EXCLUI TOMOGRAFIA MULTISLICE)",,,,Seg. Ambulatorial,HCO,HSO,REF,PAC,,TOMOGRAFIA COMPUTADORIZADA,MÉTODOS DIAGNÓSTICOS POR IMAGEM,"PROCEDIMENTOS DIAGNÓSTICOS E
TERAPÊUTICOS"
ANGIOTOMOGRAFIA ARTERIAL DE MEMBRO INFERIOR (COM DIRETRIZ DE UTILIZAÇÃO),,,,Seg. Ambulatorial,HCO,HSO,REF,PAC,116,TOMOGRAFIA COMPUTADORIZADA,MÉTODOS DIAGNÓSTICOS POR IMAGEM,"PROCEDIMENTOS DIAGNÓSTICOS E
TERAPÊUTICOS"
ANGIOTOMOGRAFIA DE AORTA ABDOMINAL,,,,Seg. Ambulatorial,HCO,HSO,REF,PAC,,TOMOGRAFIA COMPUTADORIZADA,MÉTODOS DIAGNÓSTICOS POR IMAGEM,"PROCEDIMENTOS DIAGNÓSTICOS E
TERAPÊUTICOS"
ANGIOTOMOGRAFIA DE AORTA TORÁCICA,,,,Seg. Ambulatorial,HCO,HSO,REF,PAC,,TOMOGRAFIA COMPUTADORIZADA,MÉTODOS DIAGNÓSTICOS POR IMAGEM,"PROCEDIMENTOS DIAGNÓSTICOS E
TERAPÊUTICOS"
ANGIOTOMOGRAFIA CORONARIANA (COM DIRETRIZ DE UTILIZAÇÃO),,,,Seg. Ambulatorial,HCO,HSO,REF,PAC,3,TOMOGRAFIA COMPUTADORIZADA,MÉTODOS DIAGNÓSTICOS POR IMAGEM,"PROCEDIMENTOS DIAGNÓSTICOS E
TERAPÊUTICOS"
TOMOGRAFIA COMPUTADORIZADA DE ABDOME SUPERIOR,,,,Seg. Ambulatorial,HCO,HSO,REF,PAC,,TOMOGRAFIA COMPUTADORIZADA,MÉTODOS DIAGNÓSTICOS POR IMAGEM,"PROCEDIMENTOS DIAGNÓSTICOS E
TERAPÊUTICOS"
