0,1,2,3,4,5,6,7,8,9,10,11,12
PROCEDIMENTO,"RN
(alteração)",VIGÊNCIA,Seg. Odontológica,Seg. Ambulatorial,HCO,HSO,REF,PAC,DUT,SUBGRUPO,GRUPO,CAPÍTULO
ANTI-RNP,,,,Seg. Ambulatorial,HCO,HSO,REF,,,IMUNOLOGIA,PROCEDIMENTOS LABORATORIAIS,"PROCEDIMENTOS DIAGNÓSTICOS E
TERAPÊUTICOS"
ANTI-RO/SSA,,,,Seg. Ambulatorial,HCO,HSO,REF,,,IMUNOLOGIA,PROCEDIMENTOS LABORATORIAIS,"PROCEDIMENTOS DIAGNÓSTICOS E
TERAPÊUTICOS"
ANTI-Sm,,,,Seg. Ambulatorial,HCO,HSO,REF,,,IMUNOLOGIA,PROCEDIMENTOS LABORATORIAIS,"PROCEDIMENTOS DIAGNÓSTICOS E
TERAPÊUTICOS"
"ASPERGILLUS, ANTICORPOS",,,,Seg. Ambulatorial,HCO,HSO,REF,,,IMUNOLOGIA,PROCEDIMENTOS LABORATORIAIS,"PROCEDIMENTOS DIAGNÓSTICOS E
TERAPÊUTICOS"
AVIDEZ DE IGG PARA TOXOPLASMOSE (COM DIRETRIZ DE UTILIZAÇÃO),,,,Seg. Ambulatorial,HCO,HSO,REF,PAC,6,IMUNOLOGIA,PROCEDIMENTOS LABORATORIAIS,"PROCEDIMENTOS DIAGNÓSTICOS E
TERAPÊUTICOS"
BETA-2-MICROGLOBULINA,,,,Seg. Ambulatorial,HCO,HSO,REF,,,IMUNOLOGIA,PROCEDIMENTOS LABORATORIAIS,"PROCEDIMENTOS DIAGNÓSTICOS E
TERAPÊUTICOS"
"BIOTINIDASE ATIVIDADE DA, QUALITATIVO",,,,Seg. Ambulatorial,HCO,HSO,REF,,,IMUNOLOGIA,PROCEDIMENTOS LABORATORIAIS,"PROCEDIMENTOS DIAGNÓSTICOS E
TERAPÊUTICOS"
BORRELIOSE DE LYME - IGG,,,,Seg. Ambulatorial,HCO,HSO,REF,,,IMUNOLOGIA,PROCEDIMENTOS LABORATORIAIS,"PROCEDIMENTOS DIAGNÓSTICOS E
TERAPÊUTICOS"
BORRELIOSE DE LYME - IGM,,,,Seg. Ambulatorial,HCO,HSO,REF,,,IMUNOLOGIA,PROCEDIMENTOS LABORATORIAIS,"PROCEDIMENTOS DIAGNÓSTICOS E
TERAPÊUTICOS"
BRUCELA - IGG / IGM,,,,Seg. Ambulatorial,HCO,HSO,REF,,,IMUNOLOGIA,PROCEDIMENTOS LABORATORIAIS,"PROCEDIMENTOS DIAGNÓSTICOS E
TERAPÊUTICOS"
C1Q,,,,Seg. Ambulatorial,HCO,HSO,REF,,,IMUNOLOGIA,PROCEDIMENTOS LABORATORIAIS,"PROCEDIMENTOS DIAGNÓSTICOS E
TERAPÊUTICOS"
CA 125,,,,Seg. Ambulatorial,HCO,HSO,REF,,,IMUNOLOGIA,PROCEDIMENTOS LABORATORIAIS,"PROCEDIMENTOS DIAGNÓSTICOS E
TERAPÊUTICOS"
CA 15-3,,,,Seg. Ambulatorial,HCO,HSO,REF,,,IMUNOLOGIA,PROCEDIMENTOS LABORATORIAIS,"PROCEDIMENTOS DIAGNÓSTICOS E
TERAPÊUTICOS"
CA 19-9,,,,Seg. Ambulatorial,HCO,HSO,REF,,,IMUNOLOGIA,PROCEDIMENTOS LABORATORIAIS,"PROCEDIMENTOS DIAGNÓSTICOS E
TERAPÊUTICOS"
CA 72-4,,,,Seg. Ambulatorial,HCO,HSO,REF,,,IMUNOLOGIA,PROCEDIMENTOS LABORATORIAIS,"PROCEDIMENTOS DIAGNÓSTICOS E
TERAPÊUTICOS"
"CADEIAS LEVES LIVRES KAPPA/LAMBDA, DOSAGEM, SANGUE",,,,Seg. Ambulatorial,HCO,HSO,REF,,,IMUNOLOGIA,PROCEDIMENTOS LABORATORIAIS,"PROCEDIMENTOS DIAGNÓSTICOS E
TERAPÊUTICOS"
"CANDIDA ALBICANS, ANTICORPOS IGG E/ OU IGM E/ OU TOTAIS",,,,Seg. Ambulatorial,HCO,HSO,REF,,,IMUNOLOGIA,PROCEDIMENTOS LABORATORIAIS,"PROCEDIMENTOS DIAGNÓSTICOS E
TERAPÊUTICOS"
"CAXUMBA, IGG E/OU IGM",,,,Seg. Ambulatorial,HCO,HSO,REF,,,IMUNOLOGIA,PROCEDIMENTOS LABORATORIAIS,"PROCEDIMENTOS DIAGNÓSTICOS E
TERAPÊUTICOS"
CHAGAS IGG / IGM,,,,Seg. Ambulatorial,HCO,HSO,REF,,,IMUNOLOGIA,PROCEDIMENTOS LABORATORIAIS,"PROCEDIMENTOS DIAGNÓSTICOS E
TERAPÊUTICOS"
