0,1,2,3,4,5,6,7,8,9,10,11,12
PROCEDIMENTO,"RN
(alteração)",VIGÊNCIA,Seg. Odontológica,Seg. Ambulatorial,HCO,HSO,REF,PAC,DUT,SUBGRUPO,GRUPO,CAPÍTULO
BIÓPSIA CIRÚRGICA DO TORNOZELO,,,,Seg. Ambulatorial,HCO,HSO,REF,,,MEMBROS INFERIORES,"SISTEMA MÚSCULO-ESQUELÉTICO E
ARTICULAÇÕES",PROCEDIMENTOS CIRÚRGICOS E INVASIVOS
BIÓPSIA CIRÚRGICA DOS OSSOS DO PÉ,,,,Seg. Ambulatorial,HCO,HSO,REF,,,MEMBROS INFERIORES,"SISTEMA MÚSCULO-ESQUELÉTICO E
ARTICULAÇÕES",PROCEDIMENTOS CIRÚRGICOS E INVASIVOS
CORREÇÃO DE DEFORMIDADE ÓSSEA CONGÊNITA OU ADQUIRIDA COM FIXADOR EXTERNO,,,,,HCO,HSO,REF,,,MEMBROS INFERIORES,"SISTEMA MÚSCULO-ESQUELÉTICO E
ARTICULAÇÕES",PROCEDIMENTOS CIRÚRGICOS E INVASIVOS
CORREÇÃO DE DEFORMIDADES DO PÉ COM FIXADOR EXTERNO DINÂMICO - TRATAMENTO CIRÚRGICO,,,,,HCO,HSO,REF,,,MEMBROS INFERIORES,"SISTEMA MÚSCULO-ESQUELÉTICO E
ARTICULAÇÕES",PROCEDIMENTOS CIRÚRGICOS E INVASIVOS
DESARTICULAÇÃO DE JOELHO - TRATAMENTO CIRÚRGICO,,,,,HCO,HSO,REF,,,MEMBROS INFERIORES,"SISTEMA MÚSCULO-ESQUELÉTICO E
ARTICULAÇÕES",PROCEDIMENTOS CIRÚRGICOS E INVASIVOS
DESCOLAMENTO EPIFISÁRIO (TRAUMÁTICO OU NÃO) - REDUÇÃO INCRUENTA,,,,Seg. Ambulatorial,HCO,HSO,REF,,,MEMBROS INFERIORES,"SISTEMA MÚSCULO-ESQUELÉTICO E
ARTICULAÇÕES",PROCEDIMENTOS CIRÚRGICOS E INVASIVOS
DESCOLAMENTO EPIFISÁRIO (TRAUMÁTICO OU NÃO) - TRATAMENTO CIRÚRGICO,,,,,HCO,HSO,REF,,,MEMBROS INFERIORES,"SISTEMA MÚSCULO-ESQUELÉTICO E
ARTICULAÇÕES",PROCEDIMENTOS CIRÚRGICOS E INVASIVOS
ENCURTAMENTO DE FÊMUR - TRATAMENTO CIRÚRGICO,,,,,HCO,HSO,REF,,,MEMBROS INFERIORES,"SISTEMA MÚSCULO-ESQUELÉTICO E
ARTICULAÇÕES",PROCEDIMENTOS CIRÚRGICOS E INVASIVOS
ENCURTAMENTO DOS OSSOS DA PERNA - TRATAMENTO CIRÚRGICO,,,,,HCO,HSO,REF,,,MEMBROS INFERIORES,"SISTEMA MÚSCULO-ESQUELÉTICO E
ARTICULAÇÕES",PROCEDIMENTOS CIRÚRGICOS E INVASIVOS
EPIFISIODESE - TRATAMENTO CIRÚRGICO,,,,,HCO,HSO,REF,,,MEMBROS INFERIORES,"SISTEMA MÚSCULO-ESQUELÉTICO E
ARTICULAÇÕES",PROCEDIMENTOS CIRÚRGICOS E INVASIVOS
EPIFISIODESE DE TÍBIA / FÍBULA - TRATAMENTO CIRÚRGICO,,,,,HCO,HSO,REF,,,MEMBROS INFERIORES,"SISTEMA MÚSCULO-ESQUELÉTICO E
ARTICULAÇÕES",PROCEDIMENTOS CIRÚRGICOS E INVASIVOS
FASCIOTOMIA OU RESSECÇÃO DE FASCIA PLANTAR,,,,,HCO,HSO,REF,,,MEMBROS INFERIORES,"SISTEMA MÚSCULO-ESQUELÉTICO E
ARTICULAÇÕES",PROCEDIMENTOS CIRÚRGICOS E INVASIVOS
FRATURA E/OU LUXAÇÃO DE PATELA - TRATAMENTO CIRÚRGICO,,,,,HCO,HSO,REF,,,MEMBROS INFERIORES,"SISTEMA MÚSCULO-ESQUELÉTICO E
ARTICULAÇÕES",PROCEDIMENTOS CIRÚRGICOS E INVASIVOS
FRATURA E/OU LUXAÇÃO DE PATELA (INCLUSIVE OSTEOCONDRAL) - REDUÇÃO INCRUENTA,,,,,HCO,HSO,REF,,,MEMBROS INFERIORES,"SISTEMA MÚSCULO-ESQUELÉTICO E
ARTICULAÇÕES",PROCEDIMENTOS CIRÚRGICOS E INVASIVOS
FRATURA E/OU LUXAÇÕES DO PÉ (EXCETO ANTEPÉ) - REDUÇÃO INCRUENTA,,,,Seg. Ambulatorial,HCO,HSO,REF,,,MEMBROS INFERIORES,"SISTEMA MÚSCULO-ESQUELÉTICO E
ARTICULAÇÕES",PROCEDIMENTOS CIRÚRGICOS E INVASIVOS
FRATURA E/OU LUXAÇÕES DO PÉ (EXCETO ANTEPÉ) - TRATAMENTO CIRÚRGICO,,,,,HCO,HSO,REF,,,MEMBROS INFERIORES,"SISTEMA MÚSCULO-ESQUELÉTICO E
ARTICULAÇÕES",PROCEDIMENTOS CIRÚRGICOS E INVASIVOS
FRATURAS DE FÊMUR - REDUÇÃO INCRUENTA,,,,,HCO,HSO,REF,,,MEMBROS INFERIORES,"SISTEMA MÚSCULO-ESQUELÉTICO E
ARTICULAÇÕES",PROCEDIMENTOS CIRÚRGICOS E INVASIVOS
FRATURAS DE FÊMUR - TRATAMENTO CIRÚRGICO,,,,,HCO,HSO,REF,,,MEMBROS INFERIORES,"SISTEMA MÚSCULO-ESQUELÉTICO E
ARTICULAÇÕES",PROCEDIMENTOS CIRÚRGICOS E INVASIVOS
FRATURAS DE FÍBULA - (INCLUI DESCOLAMENTO EPIFISÁRIO) - REDUÇÃO INCRUENTA,,,,Seg. Ambulatorial,HCO,HSO,REF,,,MEMBROS INFERIORES,"SISTEMA MÚSCULO-ESQUELÉTICO E
ARTICULAÇÕES",PROCEDIMENTOS CIRÚRGICOS E INVASIVOS
