0,1,2,3,4,5,6,7,8,9,10,11,12
PROCEDIMENTO,"RN
(alteração)",VIGÊNCIA,Seg. Odontológica,Seg. Ambulatorial,HCO,HSO,REF,PAC,DUT,SUBGRUPO,GRUPO,CAPÍTULO
BIÓPSIA DE VAGINA,,,,Seg. Ambulatorial,HCO,HSO,REF,,,VAGINA,SISTEMA GENITAL E REPRODUTOR FEMININO,PROCEDIMENTOS CIRÚRGICOS E INVASIVOS
"CAUTERIZAÇÃO QUÍMICA, OU ELETROCAUTERIZAÇÃO, OU CRIOCAUTERIZAÇÃO DE LESÕES DA VAGINA",,,,,HCO,HSO,REF,,,VAGINA,SISTEMA GENITAL E REPRODUTOR FEMININO,PROCEDIMENTOS CIRÚRGICOS E INVASIVOS
COLPECTOMIA,,,,,HCO,HSO,REF,,,VAGINA,SISTEMA GENITAL E REPRODUTOR FEMININO,PROCEDIMENTOS CIRÚRGICOS E INVASIVOS
COLPOCLEISE (LEFORT),,,,,HCO,HSO,REF,,,VAGINA,SISTEMA GENITAL E REPRODUTOR FEMININO,PROCEDIMENTOS CIRÚRGICOS E INVASIVOS
COLPOPLASTIA,,,,,HCO,HSO,REF,,,VAGINA,SISTEMA GENITAL E REPRODUTOR FEMININO,PROCEDIMENTOS CIRÚRGICOS E INVASIVOS
"COLPORRAFIA OU COLPOPERINEOPLASTIA (INCLUINDO RESSECÇÃO DE SEPTO OU RESSUTURA DE PAREDE
VAGINAL)",,,,,HCO,HSO,REF,,,VAGINA,SISTEMA GENITAL E REPRODUTOR FEMININO,PROCEDIMENTOS CIRÚRGICOS E INVASIVOS
COLPOTOMIA OU CULDOCENTESE,,,,Seg. Ambulatorial,HCO,HSO,REF,,,VAGINA,SISTEMA GENITAL E REPRODUTOR FEMININO,PROCEDIMENTOS CIRÚRGICOS E INVASIVOS
EXÉRESE DE CISTO VAGINAL,,,,Seg. Ambulatorial,HCO,HSO,REF,,,VAGINA,SISTEMA GENITAL E REPRODUTOR FEMININO,PROCEDIMENTOS CIRÚRGICOS E INVASIVOS
EXTRAÇÃO DE CORPO ESTRANHO,,,,,HCO,HSO,REF,,,VAGINA,SISTEMA GENITAL E REPRODUTOR FEMININO,PROCEDIMENTOS CIRÚRGICOS E INVASIVOS
FÍSTULA GINECOLÓGICA - TRATAMENTO CIRÚRGICO,,,,,HCO,HSO,REF,,,VAGINA,SISTEMA GENITAL E REPRODUTOR FEMININO,PROCEDIMENTOS CIRÚRGICOS E INVASIVOS
HIMENOTOMIA,,,,Seg. Ambulatorial,HCO,HSO,REF,,,VAGINA,SISTEMA GENITAL E REPRODUTOR FEMININO,PROCEDIMENTOS CIRÚRGICOS E INVASIVOS
"NEOVAGINA (CÓLON, DELGADO, TUBO DE PELE)",,,,,HCO,HSO,REF,,,VAGINA,SISTEMA GENITAL E REPRODUTOR FEMININO,PROCEDIMENTOS CIRÚRGICOS E INVASIVOS
BIÓPSIA DO COLO UTERINO,,,,Seg. Ambulatorial,HCO,HSO,REF,,,ÚTERO,SISTEMA GENITAL E REPRODUTOR FEMININO,PROCEDIMENTOS CIRÚRGICOS E INVASIVOS
BIÓPSIA DO ENDOMÉTRIO,,,,Seg. Ambulatorial,HCO,HSO,REF,,,ÚTERO,SISTEMA GENITAL E REPRODUTOR FEMININO,PROCEDIMENTOS CIRÚRGICOS E INVASIVOS
"CAUTERIZAÇÃO QUÍMICA, OU ELETROCAUTERIZAÇÃO, OU CRIOCAUTERIZAÇÃO DE LESÕES DE COLO
UTERINO",,,,Seg. Ambulatorial,HCO,HSO,REF,,,ÚTERO,SISTEMA GENITAL E REPRODUTOR FEMININO,PROCEDIMENTOS CIRÚRGICOS E INVASIVOS
CURETAGEM GINECOLÓGICA SEMIÓTICA E/OU TERAPÊUTICA COM OU SEM DILATAÇÃO DE COLO UTERINO,,,,,HCO,HSO,REF,,,ÚTERO,SISTEMA GENITAL E REPRODUTOR FEMININO,PROCEDIMENTOS CIRÚRGICOS E INVASIVOS
DILATAÇÃO DO COLO UTERINO,,,,Seg. Ambulatorial,HCO,HSO,REF,,,ÚTERO,SISTEMA GENITAL E REPRODUTOR FEMININO,PROCEDIMENTOS CIRÚRGICOS E INVASIVOS
EXCISÃO DE PÓLIPO CERVICAL,,,,Seg. Ambulatorial,HCO,HSO,REF,,,ÚTERO,SISTEMA GENITAL E REPRODUTOR FEMININO,PROCEDIMENTOS CIRÚRGICOS E INVASIVOS
HISTERECTOMIA SUBTOTAL (VIA ALTA OU BAIXA),,,,,HCO,HSO,REF,,,ÚTERO,SISTEMA GENITAL E REPRODUTOR FEMININO,PROCEDIMENTOS CIRÚRGICOS E INVASIVOS
