0,1,2,3,4,5,6,7,8,9,10,11,12
PROCEDIMENTO,"RN
(alteração)",VIGÊNCIA,Seg. Odontológica,Seg. Ambulatorial,HCO,HSO,REF,PAC,DUT,SUBGRUPO,GRUPO,CAPÍTULO
COLEDOSCOPIA INTRA-OPERATÓRIA,,,,,HCO,HSO,REF,,,FÍGADO E VIAS BILIARES,SISTEMA DIGESTIVO E ANEXOS,PROCEDIMENTOS CIRÚRGICOS E INVASIVOS
DERIVAÇÃO PORTO SISTÊMICA,,,,,HCO,HSO,REF,,,FÍGADO E VIAS BILIARES,SISTEMA DIGESTIVO E ANEXOS,PROCEDIMENTOS CIRÚRGICOS E INVASIVOS
DESCONEXÃO ÁZIGOS - PORTAL COM OU SEM ESPLENECTOMIA,,,,,HCO,HSO,REF,,,FÍGADO E VIAS BILIARES,SISTEMA DIGESTIVO E ANEXOS,PROCEDIMENTOS CIRÚRGICOS E INVASIVOS
DESCONEXÃO ÁZIGOS - PORTAL COM OU SEM ESPLENECTOMIA POR VIDEOLAPAROSCOPIA,,,,,HCO,HSO,REF,,,FÍGADO E VIAS BILIARES,SISTEMA DIGESTIVO E ANEXOS,PROCEDIMENTOS CIRÚRGICOS E INVASIVOS
DESVASCULARIZAÇÃO HEPÁTICA,,,,,HCO,HSO,REF,,,FÍGADO E VIAS BILIARES,SISTEMA DIGESTIVO E ANEXOS,PROCEDIMENTOS CIRÚRGICOS E INVASIVOS
DRENAGEM BILIAR TRANS-HEPÁTICA,,,,,HCO,HSO,REF,,,FÍGADO E VIAS BILIARES,SISTEMA DIGESTIVO E ANEXOS,PROCEDIMENTOS CIRÚRGICOS E INVASIVOS
ENUCLEAÇÃO DE METÁSTASES HEPÁTICAS,,,,,HCO,HSO,REF,,,FÍGADO E VIAS BILIARES,SISTEMA DIGESTIVO E ANEXOS,PROCEDIMENTOS CIRÚRGICOS E INVASIVOS
ENUCLEAÇÃO DE METÁSTASES HEPÁTICAS POR VIDEOLAPAROSCOPIA,,,,,HCO,HSO,REF,,,FÍGADO E VIAS BILIARES,SISTEMA DIGESTIVO E ANEXOS,PROCEDIMENTOS CIRÚRGICOS E INVASIVOS
ESCLEROSE PERCUTÂNEA DIRIGIDA OU NÃO DE TUMOR HEPÁTICO (ALCOOLIZAÇÃO),,,,,HCO,HSO,REF,,,FÍGADO E VIAS BILIARES,SISTEMA DIGESTIVO E ANEXOS,PROCEDIMENTOS CIRÚRGICOS E INVASIVOS
HEPATORRAFIA,,,,,HCO,HSO,REF,,,FÍGADO E VIAS BILIARES,SISTEMA DIGESTIVO E ANEXOS,PROCEDIMENTOS CIRÚRGICOS E INVASIVOS
HEPATORRAFIA COMPLEXA C/LESÃO DE ESTRUTURAS VASCULARES BILIARES,,,,,HCO,HSO,REF,,,FÍGADO E VIAS BILIARES,SISTEMA DIGESTIVO E ANEXOS,PROCEDIMENTOS CIRÚRGICOS E INVASIVOS
LOBECTOMIA HEPÁTICA,,,,,HCO,HSO,REF,,,FÍGADO E VIAS BILIARES,SISTEMA DIGESTIVO E ANEXOS,PROCEDIMENTOS CIRÚRGICOS E INVASIVOS
PAPILOTOMIA TRANSDUODENAL,,,,,HCO,HSO,REF,,,FÍGADO E VIAS BILIARES,SISTEMA DIGESTIVO E ANEXOS,PROCEDIMENTOS CIRÚRGICOS E INVASIVOS
PUNÇÃO HEPÁTICA PARA DRENAGEM DE ABSCESSOS,,,,,HCO,HSO,REF,,,FÍGADO E VIAS BILIARES,SISTEMA DIGESTIVO E ANEXOS,PROCEDIMENTOS CIRÚRGICOS E INVASIVOS
PUNÇÃO HEPÁTICA PARA DRENAGEM DE ABSCESSOS POR VIDEOLAPAROSCOPIA,,,,,HCO,HSO,REF,,,FÍGADO E VIAS BILIARES,SISTEMA DIGESTIVO E ANEXOS,PROCEDIMENTOS CIRÚRGICOS E INVASIVOS
CISTO DE COLÉDOCO - TRATAMENTO CIRÚRGICO,,,,,HCO,HSO,REF,,,FÍGADO E VIAS BILIARES,SISTEMA DIGESTIVO E ANEXOS,PROCEDIMENTOS CIRÚRGICOS E INVASIVOS
"ABLAÇÃO POR RADIOFREQUÊNCIA/CRIOABLAÇÃO PERCUTÂNEA DO CÂNCER PRIMÁRIO HEPÁTICO GUIADA
POR ULTRASSONOGRAFIA E/OU TOMOGRAFIA COMPUTADORIZADA (COM DIRETRIZ DE UTILIZAÇÃO)",,,,,HCO,HSO,REF,,1,FÍGADO E VIAS BILIARES,SISTEMA DIGESTIVO E ANEXOS,PROCEDIMENTOS CIRÚRGICOS E INVASIVOS
"ABLAÇÃO POR RADIOFREQUÊNCIA/CRIOABLAÇÃO DO CÂNCER PRIMÁRIO HEPÁTICO POR LAPAROTOMIA
(COM DIRETRIZ DE UTILIZAÇÃO)",,,,,HCO,HSO,REF,,1,FÍGADO E VIAS BILIARES,SISTEMA DIGESTIVO E ANEXOS,PROCEDIMENTOS CIRÚRGICOS E INVASIVOS
"ABLAÇÃO POR RADIOFREQUÊNCIA/CRIOABLAÇÃO DO CÂNCER PRIMÁRIO HEPÁTICO POR
VIDEOLAPAROSCOPIA (COM DIRETRIZ DE UTILIZAÇÃO)",,,,,HCO,HSO,REF,,1,FÍGADO E VIAS BILIARES,SISTEMA DIGESTIVO E ANEXOS,PROCEDIMENTOS CIRÚRGICOS E INVASIVOS
