0,1,2,3,4,5,6,7,8,9,10,11,12
PROCEDIMENTO,"RN
(alteração)",VIGÊNCIA,Seg. Odontológica,Seg. Ambulatorial,HCO,HSO,REF,PAC,DUT,SUBGRUPO,GRUPO,CAPÍTULO
PROFILAXIA: POLIMENTO CORONÁRIO,,,Seg. Odontológica,,,,,,,AVALIAÇÕES/ACOMPANHAMENTOS,"PROCEDIMENTOS CLÍNICOS AMBULATORIAIS
E HOSPITALARES","PROCEDIMENTOS CLÍNICOS AMBULATORIAIS
E HOSPITALARES"
TERAPIA ANTINEOPLÁSICA ORAL PARA TRATAMENTO DO CÂNCER (COM DIRETRIZ DE UTILIZAÇÃO),,,,Seg. Ambulatorial,HCO,HSO,REF,PAC,64,AVALIAÇÕES/ACOMPANHAMENTOS,"PROCEDIMENTOS CLÍNICOS AMBULATORIAIS
E HOSPITALARES","PROCEDIMENTOS CLÍNICOS AMBULATORIAIS
E HOSPITALARES"
TESTE DE PROVOCAÇÃO ORAL COM ALIMENTOS (COM DIRETRIZ DE UTILIZAÇÃO),536/2022,06/05/2022,,Seg. Ambulatorial,HCO,HSO,REF,,152,AVALIAÇÕES/ACOMPANHAMENTOS,"PROCEDIMENTOS CLÍNICOS AMBULATORIAIS
E HOSPITALARES","PROCEDIMENTOS CLÍNICOS AMBULATORIAIS
E HOSPITALARES"
"MEDICAMENTOS PARA O CONTROLE DE EFEITOS ADVERSOS E ADJUVANTES RELACIONADOS A
TRATAMENTOS ANTINEOPLÁSICOS (COM DIRETRIZ DE UTILIZAÇÃO)",,,,Seg. Ambulatorial,,,REF,PAC,54,AVALIAÇÕES/ACOMPANHAMENTOS,"PROCEDIMENTOS CLÍNICOS AMBULATORIAIS
E HOSPITALARES","PROCEDIMENTOS CLÍNICOS AMBULATORIAIS
E HOSPITALARES"
CARDIOTOCOGRAFIA,,,,Seg. Ambulatorial,HCO,HSO,REF,,,MONITORIZAÇÕES,"PROCEDIMENTOS CLÍNICOS AMBULATORIAIS
E HOSPITALARES","PROCEDIMENTOS CLÍNICOS AMBULATORIAIS
E HOSPITALARES"
HOLTER DE 24 HORAS - 2 OU MAIS CANAIS - ANALÓGICO OU DIGITAL,,,,Seg. Ambulatorial,,,REF,,,MONITORIZAÇÕES,"PROCEDIMENTOS CLÍNICOS AMBULATORIAIS
E HOSPITALARES","PROCEDIMENTOS CLÍNICOS AMBULATORIAIS
E HOSPITALARES"
MONITORIZAÇÃO AMBULATORIAL DA PRESSÃO ARTERIAL - MAPA (24 HORAS) - COM DIRETRIZ DE UTILIZAÇÃO,,,,Seg. Ambulatorial,,,REF,,56,MONITORIZAÇÕES,"PROCEDIMENTOS CLÍNICOS AMBULATORIAIS
E HOSPITALARES","PROCEDIMENTOS CLÍNICOS AMBULATORIAIS
E HOSPITALARES"
"MONITORIZAÇÃO AMBULATORIAL DA PRESSÃO ARTERIAL DE 5 DIAS - MAPA 5 DIAS (MONITORIZAÇÃO
RESIDENCIAL DA PRESSÃO ARTERIAL - MRPA) - COM DIRETRIZ DE UTILIZAÇÂO",581/2023,12/072023,,Seg. Ambulatorial,,,REF,,162,MONITORIZAÇÕES,"PROCEDIMENTOS CLÍNICOS AMBULATORIAIS
E HOSPITALARES","PROCEDIMENTOS CLÍNICOS AMBULATORIAIS
E HOSPITALARES"
MONITORIZAÇÃO DA PRESSÃO INTRACRANIANA,,,,,HCO,HSO,REF,,,MONITORIZAÇÕES,"PROCEDIMENTOS CLÍNICOS AMBULATORIAIS
E HOSPITALARES","PROCEDIMENTOS CLÍNICOS AMBULATORIAIS
E HOSPITALARES"
MONITORIZAÇÃO HEMODINÂMICA INVASIVA OU NÃO INVASIVA,,,,,HCO,HSO,REF,,,MONITORIZAÇÕES,"PROCEDIMENTOS CLÍNICOS AMBULATORIAIS
E HOSPITALARES","PROCEDIMENTOS CLÍNICOS AMBULATORIAIS
E HOSPITALARES"
MONITORIZAÇÃO NEUROFISIOLÓGICA INTRA-OPERATÓRIA,,,,,HCO,HSO,REF,,,MONITORIZAÇÕES,"PROCEDIMENTOS CLÍNICOS AMBULATORIAIS
E HOSPITALARES","PROCEDIMENTOS CLÍNICOS AMBULATORIAIS
E HOSPITALARES"
POTENCIAL EVOCADO INTRA-OPERATÓRIO - MONITORIZAÇÃO CIRÚRGICA (PE/IO),,,,,HCO,HSO,REF,,,MONITORIZAÇÕES,"PROCEDIMENTOS CLÍNICOS AMBULATORIAIS
E HOSPITALARES","PROCEDIMENTOS CLÍNICOS AMBULATORIAIS
E HOSPITALARES"
TESTE DE INCLINAÇÃO ORTOSTÁTICA (TILT TEST) - COM DIRETRIZ DE UTILIZAÇÃO,,,,Seg. Ambulatorial,HCO,HSO,REF,PAC,67,MONITORIZAÇÕES,"PROCEDIMENTOS CLÍNICOS AMBULATORIAIS
E HOSPITALARES","PROCEDIMENTOS CLÍNICOS AMBULATORIAIS
E HOSPITALARES"
ADAPTAÇÃO E TREINAMENTO DE RECURSOS ÓPTICOS,,,,Seg. Ambulatorial,,,REF,,,REABILITAÇÃO,"PROCEDIMENTOS CLÍNICOS AMBULATORIAIS
E HOSPITALARES","PROCEDIMENTOS CLÍNICOS AMBULATORIAIS
E HOSPITALARES"
AMPUTAÇÃO (PREPARAÇÃO DO COTO E TREINAMENTO PROTÉTICO),,,,Seg. Ambulatorial,HCO,HSO,REF,,,REABILITAÇÃO,"PROCEDIMENTOS CLÍNICOS AMBULATORIAIS
E HOSPITALARES","PROCEDIMENTOS CLÍNICOS AMBULATORIAIS
E HOSPITALARES"
BIOFEEDBACK COM EMG,,,,Seg. Ambulatorial,HCO,HSO,REF,,,REABILITAÇÃO,"PROCEDIMENTOS CLÍNICOS AMBULATORIAIS
E HOSPITALARES","PROCEDIMENTOS CLÍNICOS AMBULATORIAIS
E HOSPITALARES"
EXERCÍCIOS DE ORTÓPTICA,,,,Seg. Ambulatorial,,,REF,,,REABILITAÇÃO,"PROCEDIMENTOS CLÍNICOS AMBULATORIAIS
E HOSPITALARES","PROCEDIMENTOS CLÍNICOS AMBULATORIAIS
E HOSPITALARES"
INFILTRAÇÃO DE PONTO GATILHO OU AGULHAMENTO SECO,,,,Seg. Ambulatorial,HCO,HSO,REF,,,REABILITAÇÃO,"PROCEDIMENTOS CLÍNICOS AMBULATORIAIS
E HOSPITALARES","PROCEDIMENTOS CLÍNICOS AMBULATORIAIS
E HOSPITALARES"
REABILITACAO E REEDUCACAO DE SEQÜELAS EM TRAUMATISMOS E POLITRAUMATIZADOS,,,,Seg. Ambulatorial,HCO,HSO,REF,,,REABILITAÇÃO,"PROCEDIMENTOS CLÍNICOS AMBULATORIAIS
E HOSPITALARES","PROCEDIMENTOS CLÍNICOS AMBULATORIAIS
E HOSPITALARES"
