0,1,2,3,4,5,6,7,8,9,10,11,12
PROCEDIMENTO,"RN
(alteração)",VIGÊNCIA,Seg. Odontológica,Seg. Ambulatorial,HCO,HSO,REF,PAC,DUT,SUBGRUPO,GRUPO,CAPÍTULO
"INCISÃO E DRENAGEM INTRA-ORAL DE ABSCESSO, HEMATOMA E/OU FLEGMÃO DA REGIÃO BUCO-MAXILO-
FACIAL",,,Seg. Odontológica,Seg. Ambulatorial,HCO,HSO,REF,,,BOCA,CABEÇA E PESCOÇO,PROCEDIMENTOS CIRÚRGICOS E INVASIVOS
EXCISÃO DE LESÃO COM RECONSTRUÇÃO,,,,,HCO,HSO,REF,,,BOCA,CABEÇA E PESCOÇO,PROCEDIMENTOS CIRÚRGICOS E INVASIVOS
EXCISÃO DE TUMOR DE BOCA COM MANDIBULECTOMIA OU MAXILECTOMIA,,,,,HCO,HSO,REF,,,BOCA,CABEÇA E PESCOÇO,PROCEDIMENTOS CIRÚRGICOS E INVASIVOS
EXÉRESE DE LESÃO E ENXERTO CUTÂNEO OU MUCOSO,,,,,HCO,HSO,REF,,,BOCA,CABEÇA E PESCOÇO,PROCEDIMENTOS CIRÚRGICOS E INVASIVOS
ENXERTO GENGIVAL LIVRE,,,Seg. Odontológica,,,,,,,BOCA,CABEÇA E PESCOÇO,PROCEDIMENTOS CIRÚRGICOS E INVASIVOS
ENXERTO PEDICULADO,,,Seg. Odontológica,,,,,,,BOCA,CABEÇA E PESCOÇO,PROCEDIMENTOS CIRÚRGICOS E INVASIVOS
EXODONTIA A RETALHO,,,Seg. Odontológica,,,,,,,BOCA,CABEÇA E PESCOÇO,PROCEDIMENTOS CIRÚRGICOS E INVASIVOS
EXODONTIA DE RAIZ RESIDUAL,,,Seg. Odontológica,,,,,,,BOCA,CABEÇA E PESCOÇO,PROCEDIMENTOS CIRÚRGICOS E INVASIVOS
EXODONTIA SIMPLES DE DECÍDUO,,,Seg. Odontológica,,,,,,,BOCA,CABEÇA E PESCOÇO,PROCEDIMENTOS CIRÚRGICOS E INVASIVOS
EXODONTIA DE PERMANENTE POR INDICAÇÃO ORTODÔNTICA/PROTÉTICA,,,Seg. Odontológica,,,,,,,BOCA,CABEÇA E PESCOÇO,PROCEDIMENTOS CIRÚRGICOS E INVASIVOS
EXODONTIA SIMPLES DE PERMANENTE,,,Seg. Odontológica,,,,,,,BOCA,CABEÇA E PESCOÇO,PROCEDIMENTOS CIRÚRGICOS E INVASIVOS
FACETA DIRETA EM RESINA FOTOPOLIMERIZÁVEL,,,Seg. Odontológica,,,,,,,BOCA,CABEÇA E PESCOÇO,PROCEDIMENTOS CIRÚRGICOS E INVASIVOS
GENGIVECTOMIA,,,Seg. Odontológica,,,,,,,BOCA,CABEÇA E PESCOÇO,PROCEDIMENTOS CIRÚRGICOS E INVASIVOS
GENGIVOPLASTIA,,,Seg. Odontológica,,,,,,,BOCA,CABEÇA E PESCOÇO,PROCEDIMENTOS CIRÚRGICOS E INVASIVOS
"GLOSSECTOMIA SUBTOTAL OU TOTAL, COM OU SEM MANDIBULECTOMIA",,,,,HCO,HSO,REF,,,BOCA,CABEÇA E PESCOÇO,PROCEDIMENTOS CIRÚRGICOS E INVASIVOS
IMOBILIZAÇÃO DENTÁRIA EM DENTES DECÍDUOS,,,Seg. Odontológica,,,,,,,BOCA,CABEÇA E PESCOÇO,PROCEDIMENTOS CIRÚRGICOS E INVASIVOS
IMOBILIZAÇÃO DENTÁRIA EM DENTES PERMANENTES,,,Seg. Odontológica,,,,,,,BOCA,CABEÇA E PESCOÇO,PROCEDIMENTOS CIRÚRGICOS E INVASIVOS
NÚCLEO DE PREENCHIMENTO,,,Seg. Odontológica,,,,,,,BOCA,CABEÇA E PESCOÇO,PROCEDIMENTOS CIRÚRGICOS E INVASIVOS
ODONTO-SECÇÃO,,,Seg. Odontológica,,,,,,,BOCA,CABEÇA E PESCOÇO,PROCEDIMENTOS CIRÚRGICOS E INVASIVOS
