0,1,2,3,4,5,6,7,8,9,10,11,12
PROCEDIMENTO,"RN
(alteração)",VIGÊNCIA,Seg. Odontológica,Seg. Ambulatorial,HCO,HSO,REF,PAC,DUT,SUBGRUPO,GRUPO,CAPÍTULO
CURVA I/T - MEDIDA DE LATÊNCIA DE NERVO PERIFÉRICO,,,,Seg. Ambulatorial,HCO,HSO,REF,,,EXAMES ÓSTEO - MÚSCULO - ARTICULARES,"ELETROFISIOLÓGICOS / MECÂNICOS E
FUNCIONAIS","PROCEDIMENTOS DIAGNÓSTICOS E
TERAPÊUTICOS"
"SISTEMA TRIDIMENSIONAL DE AVALIAÇÃO DO MOVIMENTO QUE INCLUI VÍDEO ACOPLADO À PLATAFORMA DA
FORÇA E ELETROMIOGRAFIA",,,,Seg. Ambulatorial,HCO,HSO,REF,,,EXAMES ÓSTEO - MÚSCULO - ARTICULARES,"ELETROFISIOLÓGICOS / MECÂNICOS E
FUNCIONAIS","PROCEDIMENTOS DIAGNÓSTICOS E
TERAPÊUTICOS"
DETERMINAÇÃO DAS PRESSÕES RESPIRATÓRIAS MÁXIMAS,,,,Seg. Ambulatorial,HCO,HSO,REF,,,FUNÇÃO RESPIRATÓRIA,"ELETROFISIOLÓGICOS / MECÂNICOS E
FUNCIONAIS","PROCEDIMENTOS DIAGNÓSTICOS E
TERAPÊUTICOS"
DETERMINAÇÃO DOS VOLUMES PULMONARES POR PLETISMOGRAFIA OU POR DILUIÇÃO DE GASES,,,,Seg. Ambulatorial,HCO,HSO,REF,,,FUNÇÃO RESPIRATÓRIA,"ELETROFISIOLÓGICOS / MECÂNICOS E
FUNCIONAIS","PROCEDIMENTOS DIAGNÓSTICOS E
TERAPÊUTICOS"
MEDIDA DA DIFUSÃO DO MONÓXIDO DE CARBONO,,,,Seg. Ambulatorial,HCO,HSO,REF,,,FUNÇÃO RESPIRATÓRIA,"ELETROFISIOLÓGICOS / MECÂNICOS E
FUNCIONAIS","PROCEDIMENTOS DIAGNÓSTICOS E
TERAPÊUTICOS"
MEDIDA DE PICO DE FLUXO EXPIRATÓRIO,,,,Seg. Ambulatorial,HCO,HSO,REF,,,FUNÇÃO RESPIRATÓRIA,"ELETROFISIOLÓGICOS / MECÂNICOS E
FUNCIONAIS","PROCEDIMENTOS DIAGNÓSTICOS E
TERAPÊUTICOS"
PROVA DE FUNÇÃO PULMONAR COMPLETA (OU ESPIROMETRIA),,,,Seg. Ambulatorial,HCO,HSO,REF,,,FUNÇÃO RESPIRATÓRIA,"ELETROFISIOLÓGICOS / MECÂNICOS E
FUNCIONAIS","PROCEDIMENTOS DIAGNÓSTICOS E
TERAPÊUTICOS"
RESISTÊNCIA DAS VIAS AÉREAS POR OSCILOMETRIA,,,,Seg. Ambulatorial,HCO,HSO,REF,,,FUNÇÃO RESPIRATÓRIA,"ELETROFISIOLÓGICOS / MECÂNICOS E
FUNCIONAIS","PROCEDIMENTOS DIAGNÓSTICOS E
TERAPÊUTICOS"
RESISTÊNCIA DAS VIAS AÉREAS POR PLETISMOGRAFIA,,,,Seg. Ambulatorial,HCO,HSO,REF,,,FUNÇÃO RESPIRATÓRIA,"ELETROFISIOLÓGICOS / MECÂNICOS E
FUNCIONAIS","PROCEDIMENTOS DIAGNÓSTICOS E
TERAPÊUTICOS"
AVALIAÇÃO ENDOSCÓPICA DA DEGLUTIÇÃO (FEES),,,,Seg. Ambulatorial,HCO,HSO,REF,,,"ENDOSCOPIA DIAGNÓSTICA OU
INTERVENCIONISTA",ENDOSCÓPICOS,"PROCEDIMENTOS DIAGNÓSTICOS E
TERAPÊUTICOS"
AMNIOSCOPIA,,,,Seg. Ambulatorial,HCO,HSO,REF,,,"ENDOSCOPIA DIAGNÓSTICA OU
INTERVENCIONISTA",ENDOSCÓPICOS,"PROCEDIMENTOS DIAGNÓSTICOS E
TERAPÊUTICOS"
ARITENOIDECTOMIA MICROCIRÚRGICA ENDOSCÓPICA,,,,,HCO,HSO,REF,,,"ENDOSCOPIA DIAGNÓSTICA OU
INTERVENCIONISTA",ENDOSCÓPICOS,"PROCEDIMENTOS DIAGNÓSTICOS E
TERAPÊUTICOS"
BIÓPSIAS POR LAPAROSCOPIA,,,,,HCO,HSO,REF,,,"ENDOSCOPIA DIAGNÓSTICA OU
INTERVENCIONISTA",ENDOSCÓPICOS,"PROCEDIMENTOS DIAGNÓSTICOS E
TERAPÊUTICOS"
BRONCOSCOPIA COM BIÓPSIA TRANSBRÔNQUICA COM ACOMPANHAMENTO RADIOSCÓPICO,,,,,HCO,HSO,REF,PAC,,"ENDOSCOPIA DIAGNÓSTICA OU
INTERVENCIONISTA",ENDOSCÓPICOS,"PROCEDIMENTOS DIAGNÓSTICOS E
TERAPÊUTICOS"
"BRONCOSCOPIA COM OU SEM BIÓPSIA, ASPIRADO, ESCOVADO, LAVADO BRONCOALVEOLAR, PUNÇÃO,
CATETER PROTEGIDO E CURETA",,,,Seg. Ambulatorial,HCO,HSO,REF,,,"ENDOSCOPIA DIAGNÓSTICA OU
INTERVENCIONISTA",ENDOSCÓPICOS,"PROCEDIMENTOS DIAGNÓSTICOS E
TERAPÊUTICOS"
CECOSTOMIA,,,,,HCO,HSO,REF,,,"ENDOSCOPIA DIAGNÓSTICA OU
INTERVENCIONISTA",ENDOSCÓPICOS,"PROCEDIMENTOS DIAGNÓSTICOS E
TERAPÊUTICOS"
CISTOSCOPIA E/OU URETROSCOPIA,,,,Seg. Ambulatorial,HCO,HSO,REF,,,"ENDOSCOPIA DIAGNÓSTICA OU
INTERVENCIONISTA",ENDOSCÓPICOS,"PROCEDIMENTOS DIAGNÓSTICOS E
TERAPÊUTICOS"
COLAGEM DE FÍSTULA POR VIA ENDOSCÓPICA,,,,Seg. Ambulatorial,HCO,HSO,REF,,,"ENDOSCOPIA DIAGNÓSTICA OU
INTERVENCIONISTA",ENDOSCÓPICOS,"PROCEDIMENTOS DIAGNÓSTICOS E
TERAPÊUTICOS"
COLANGIOPANCREATOGRAFIA RETRÓGRADA ENDOSCÓPICA,,,,Seg. Ambulatorial,HCO,HSO,REF,,,"ENDOSCOPIA DIAGNÓSTICA OU
INTERVENCIONISTA",ENDOSCÓPICOS,"PROCEDIMENTOS DIAGNÓSTICOS E
TERAPÊUTICOS"
