0,1,2,3,4,5,6,7,8,9,10,11,12
PROCEDIMENTO,"RN
(alteração)",VIGÊNCIA,Seg. Odontológica,Seg. Ambulatorial,HCO,HSO,REF,PAC,DUT,SUBGRUPO,GRUPO,CAPÍTULO
"HEMOGLOBINA, ELETROFORESE",,,,Seg. Ambulatorial,HCO,HSO,REF,,,HEMATOLOGIA LABORATORIAL,PROCEDIMENTOS LABORATORIAIS,"PROCEDIMENTOS DIAGNÓSTICOS E
TERAPÊUTICOS"
"HEMOGLOBINOPATIA, TRIAGEM NEONATAL",,,,Seg. Ambulatorial,HCO,HSO,REF,,,HEMATOLOGIA LABORATORIAL,PROCEDIMENTOS LABORATORIAIS,"PROCEDIMENTOS DIAGNÓSTICOS E
TERAPÊUTICOS"
"HEMOGRAMA COMPLETO [INCLUI: CONTAGEM GLOBAL DE LEUCÓCITOS; CONTAGEM GLOBAL DE
ERITRÓCITOS; HEMATÓCRITO; HEMOGLOBINA; ÍNDICES HEMATIMÉTRICOS; CONTAGEM GLOBAL DE
PLAQUETAS; CONTAGEM DIFERENCIAL DE LEUCÓCITOS (NEUTRÓFILOS, BASTÕES, EOSINÓFILOS,
BASÓFILOS, MONÓCITOS, LINFÓCITOS); E EXAME MICROSCÓPICO DE ESFREGAÇO DE SANGUE CORADO]",,,,Seg. Ambulatorial,HCO,HSO,REF,,,HEMATOLOGIA LABORATORIAL,PROCEDIMENTOS LABORATORIAIS,"PROCEDIMENTOS DIAGNÓSTICOS E
TERAPÊUTICOS"
"HEMOSSEDIMENTAÇÃO, (VHS)",,,,Seg. Ambulatorial,HCO,HSO,REF,,,HEMATOLOGIA LABORATORIAL,PROCEDIMENTOS LABORATORIAIS,"PROCEDIMENTOS DIAGNÓSTICOS E
TERAPÊUTICOS"
HEMOSSIDERINA,,,,Seg. Ambulatorial,HCO,HSO,REF,,,HEMATOLOGIA LABORATORIAL,PROCEDIMENTOS LABORATORIAIS,"PROCEDIMENTOS DIAGNÓSTICOS E
TERAPÊUTICOS"
IMUNOFENOTIPAGEM DE SUBPOPULAÇÕES LINFOCITÁRIAS - CITOMETRIA DE FLUXO,,,,Seg. Ambulatorial,HCO,HSO,REF,PAC,,HEMATOLOGIA LABORATORIAL,PROCEDIMENTOS LABORATORIAIS,"PROCEDIMENTOS DIAGNÓSTICOS E
TERAPÊUTICOS"
IMUNOFENOTIPAGEM PARA DOENÇA RESIDUAL MÍNIMA,,,,Seg. Ambulatorial,HCO,HSO,REF,PAC,,HEMATOLOGIA LABORATORIAL,PROCEDIMENTOS LABORATORIAIS,"PROCEDIMENTOS DIAGNÓSTICOS E
TERAPÊUTICOS"
IMUNOFENOTIPAGEM PARA HEMOGLOBINÚRIA PAROXISTICA NOTURNA,,,,Seg. Ambulatorial,HCO,HSO,REF,PAC,,HEMATOLOGIA LABORATORIAL,PROCEDIMENTOS LABORATORIAIS,"PROCEDIMENTOS DIAGNÓSTICOS E
TERAPÊUTICOS"
"IMUNOFENOTIPAGEM PARA LEUCEMIAS AGUDAS E CRÔNICAS, SINDROME MIELODISPLÁSICA E
TRANSTORNOS MIELOPROLIFERATIVOS",,,,Seg. Ambulatorial,HCO,HSO,REF,PAC,,HEMATOLOGIA LABORATORIAL,PROCEDIMENTOS LABORATORIAIS,"PROCEDIMENTOS DIAGNÓSTICOS E
TERAPÊUTICOS"
IMUNOFENOTIPAGEM PARA LINFOMAS NÃO-HODGKIN / SINDROMES LINFOPROLIFERATIVAS CRÔNICAS,,,,Seg. Ambulatorial,HCO,HSO,REF,PAC,,HEMATOLOGIA LABORATORIAL,PROCEDIMENTOS LABORATORIAIS,"PROCEDIMENTOS DIAGNÓSTICOS E
TERAPÊUTICOS"
"INIBIDOR DO FATOR IX, DOSAGEM OU PESQUISA",,,,Seg. Ambulatorial,HCO,HSO,REF,,,HEMATOLOGIA LABORATORIAL,PROCEDIMENTOS LABORATORIAIS,"PROCEDIMENTOS DIAGNÓSTICOS E
TERAPÊUTICOS"
INIBIDOR DOS FATORES DA HEMOSTASIA (COM DIRETRIZ DE UTILIZAÇÃO),,,,Seg. Ambulatorial,HCO,HSO,REF,PAC,49,HEMATOLOGIA LABORATORIAL,PROCEDIMENTOS LABORATORIAIS,"PROCEDIMENTOS DIAGNÓSTICOS E
TERAPÊUTICOS"
"LINFONODO, EXAME DE ESFREGAÇO DE ASPIRADO",,,,Seg. Ambulatorial,HCO,HSO,REF,,,HEMATOLOGIA LABORATORIAL,PROCEDIMENTOS LABORATORIAIS,"PROCEDIMENTOS DIAGNÓSTICOS E
TERAPÊUTICOS"
META-HEMOGLOBINA,,,,Seg. Ambulatorial,HCO,HSO,REF,,,HEMATOLOGIA LABORATORIAL,PROCEDIMENTOS LABORATORIAIS,"PROCEDIMENTOS DIAGNÓSTICOS E
TERAPÊUTICOS"
MIELOGRAMA,,,,Seg. Ambulatorial,HCO,HSO,REF,,,HEMATOLOGIA LABORATORIAL,PROCEDIMENTOS LABORATORIAIS,"PROCEDIMENTOS DIAGNÓSTICOS E
TERAPÊUTICOS"
"PIRUVATO QUINASE, TRIAGEM PARA DEFICIÊNCIA",,,,Seg. Ambulatorial,HCO,HSO,REF,,,HEMATOLOGIA LABORATORIAL,PROCEDIMENTOS LABORATORIAIS,"PROCEDIMENTOS DIAGNÓSTICOS E
TERAPÊUTICOS"
"PLAQUETAS, TESTE DE AGREGAÇÃO",,,,Seg. Ambulatorial,HCO,HSO,REF,,,HEMATOLOGIA LABORATORIAL,PROCEDIMENTOS LABORATORIAIS,"PROCEDIMENTOS DIAGNÓSTICOS E
TERAPÊUTICOS"
"PLASMINOGÊNIO, DOSAGEM",,,,Seg. Ambulatorial,HCO,HSO,REF,,,HEMATOLOGIA LABORATORIAL,PROCEDIMENTOS LABORATORIAIS,"PROCEDIMENTOS DIAGNÓSTICOS E
TERAPÊUTICOS"
"PROTEÍNA C, FUNCIONAL",,,,Seg. Ambulatorial,HCO,HSO,REF,,,HEMATOLOGIA LABORATORIAL,PROCEDIMENTOS LABORATORIAIS,"PROCEDIMENTOS DIAGNÓSTICOS E
TERAPÊUTICOS"
