0,1,2,3,4,5,6,7,8,9,10,11,12
PROCEDIMENTO,"RN
(alteração)",VIGÊNCIA,Seg. Odontológica,Seg. Ambulatorial,HCO,HSO,REF,PAC,DUT,SUBGRUPO,GRUPO,CAPÍTULO
ACONSELHAMENTO GENÉTICO,,,,Seg. Ambulatorial,HCO,HSO,REF,,,"CONSULTAS, VISITAS HOSPITALARES OU
ACOMPANHAMENTO DE PACIENTES",PROCEDIMENTOS GERAIS,PROCEDIMENTOS GERAIS
ATENDIMENTO/ACOMPANHAMENTO EM HOSPITAL-DIA PSIQUIÁTRICO (COM DIRETRIZ DE UTILIZAÇÃO),,,,,HCO,HSO,REF,,109,"CONSULTAS, VISITAS HOSPITALARES OU
ACOMPANHAMENTO DE PACIENTES",PROCEDIMENTOS GERAIS,PROCEDIMENTOS GERAIS
"ATENDIMENTO INTEGRAL AO RECÉM-NASCIDO (SALA DE PARTO, BERÇÁRIO E UTI)",,,,,HCO,,REF,,,"CONSULTAS, VISITAS HOSPITALARES OU
ACOMPANHAMENTO DE PACIENTES",PROCEDIMENTOS GERAIS,PROCEDIMENTOS GERAIS
ATENDIMENTO MÉDICO DO INTENSIVISTA EM UTI GERAL OU PEDIÁTRICA,,,,,HCO,HSO,REF,,,"CONSULTAS, VISITAS HOSPITALARES OU
ACOMPANHAMENTO DE PACIENTES",PROCEDIMENTOS GERAIS,PROCEDIMENTOS GERAIS
ATENDIMENTO PEDIÁTRICO A GESTANTES (3º TRIMESTRE),,,,Seg. Ambulatorial,HCO,,REF,,,"CONSULTAS, VISITAS HOSPITALARES OU
ACOMPANHAMENTO DE PACIENTES",PROCEDIMENTOS GERAIS,PROCEDIMENTOS GERAIS
ATIVIDADE EDUCACIONAL PARA PLANEJAMENTO FAMILIAR,,,,Seg. Ambulatorial,,,REF,,,"CONSULTAS, VISITAS HOSPITALARES OU
ACOMPANHAMENTO DE PACIENTES",PROCEDIMENTOS GERAIS,PROCEDIMENTOS GERAIS
ATIVIDADE EDUCATIVA EM SAÚDE BUCAL,,,Seg. Odontológica,,,,,,,"CONSULTAS, VISITAS HOSPITALARES OU
ACOMPANHAMENTO DE PACIENTES",PROCEDIMENTOS GERAIS,PROCEDIMENTOS GERAIS
"ATIVIDADE EDUCATIVA EM ODONTOLOGIA PARA PAIS E/OU CUIDADORES DE PACIENTES COM NECESSIDADES
ESPECIAIS",,,Seg. Odontológica,,,,,,,"CONSULTAS, VISITAS HOSPITALARES OU
ACOMPANHAMENTO DE PACIENTES",PROCEDIMENTOS GERAIS,PROCEDIMENTOS GERAIS
CONDICIONAMENTO EM ODONTOLOGIA (COM DIRETRIZ DE UTILIZAÇÃO),,,Seg. Odontológica,,,,,,86,"CONSULTAS, VISITAS HOSPITALARES OU
ACOMPANHAMENTO DE PACIENTES",PROCEDIMENTOS GERAIS,PROCEDIMENTOS GERAIS
ESTABILIZAÇÃO DE PACIENTE POR MEIO DE CONTENÇÃO FÍSICA E/OU MECÂNICA,,,Seg. Odontológica,,,,,,,"CONSULTAS, VISITAS HOSPITALARES OU
ACOMPANHAMENTO DE PACIENTES",PROCEDIMENTOS GERAIS,PROCEDIMENTOS GERAIS
CONSULTA DE ACONSELHAMENTO PARA PLANEJAMENTO FAMILIAR,,,,Seg. Ambulatorial,,,REF,,,"CONSULTAS, VISITAS HOSPITALARES OU
ACOMPANHAMENTO DE PACIENTES",PROCEDIMENTOS GERAIS,PROCEDIMENTOS GERAIS
CONSULTA COM ENFERMEIRO OBSTETRA OU OBSTETRIZ (COM DIRETRIZ DE UTILIZAÇÃO),,,,Seg. Ambulatorial,HCO,,REF,,135,"CONSULTAS, VISITAS HOSPITALARES OU
ACOMPANHAMENTO DE PACIENTES",PROCEDIMENTOS GERAIS,PROCEDIMENTOS GERAIS
CONSULTA/AVALIAÇÃO COM FISIOTERAPEUTA,541/2022,01/08/2022,,Seg. Ambulatorial,,,REF,,,"CONSULTAS, VISITAS HOSPITALARES OU
ACOMPANHAMENTO DE PACIENTES",PROCEDIMENTOS GERAIS,PROCEDIMENTOS GERAIS
CONSULTA MÉDICA,,,,Seg. Ambulatorial,,,REF,,,"CONSULTAS, VISITAS HOSPITALARES OU
ACOMPANHAMENTO DE PACIENTES",PROCEDIMENTOS GERAIS,PROCEDIMENTOS GERAIS
CONSULTA ODONTOLÓGICA,,,Seg. Odontológica,,,,,,,"CONSULTAS, VISITAS HOSPITALARES OU
ACOMPANHAMENTO DE PACIENTES",PROCEDIMENTOS GERAIS,PROCEDIMENTOS GERAIS
CONSULTA ODONTOLÓGICA INICIAL,,,Seg. Odontológica,,,,,,,"CONSULTAS, VISITAS HOSPITALARES OU
ACOMPANHAMENTO DE PACIENTES",PROCEDIMENTOS GERAIS,PROCEDIMENTOS GERAIS
CONSULTA ODONTOLÓGICA DE URGÊNCIA,,,Seg. Odontológica,,,,,,,"CONSULTAS, VISITAS HOSPITALARES OU
ACOMPANHAMENTO DE PACIENTES",PROCEDIMENTOS GERAIS,PROCEDIMENTOS GERAIS
CONSULTA ODONTOLÓGICA PARA AVALIAÇÃO TÉCNICA DE AUDITORIA,,,Seg. Odontológica,,,,,,,"CONSULTAS, VISITAS HOSPITALARES OU
ACOMPANHAMENTO DE PACIENTES",PROCEDIMENTOS GERAIS,PROCEDIMENTOS GERAIS
CONSULTA/AVALIAÇÃO COM PSICÓLOGO,541/2022,01/08/2022,,Seg. Ambulatorial,,,REF,,,"CONSULTAS, VISITAS HOSPITALARES OU
ACOMPANHAMENTO DE PACIENTES",PROCEDIMENTOS GERAIS,PROCEDIMENTOS GERAIS
