0,1,2,3,4,5,6,7,8,9,10,11,12
PROCEDIMENTO,"RN
(alteração)",VIGÊNCIA,Seg. Odontológica,Seg. Ambulatorial,HCO,HSO,REF,PAC,DUT,SUBGRUPO,GRUPO,CAPÍTULO
OSTEOTOMIA OU PSEUDARTROSE DO TARSO E MÉDIO PÉ - TRATAMENTO CIRÚRGICO,,,,,HCO,HSO,REF,,,MEMBROS INFERIORES,"SISTEMA MÚSCULO-ESQUELÉTICO E
ARTICULAÇÕES",PROCEDIMENTOS CIRÚRGICOS E INVASIVOS
OSTEOTOMIA OU PSEUDARTROSE DOS METATARSOS/FALANGES - TRATAMENTO CIRÚRGICO,,,,,HCO,HSO,REF,,,MEMBROS INFERIORES,"SISTEMA MÚSCULO-ESQUELÉTICO E
ARTICULAÇÕES",PROCEDIMENTOS CIRÚRGICOS E INVASIVOS
OSTEOTOMIAS AO NÍVEL DO JOELHO - TRATAMENTO CIRÚRGICO,,,,,HCO,HSO,REF,,,MEMBROS INFERIORES,"SISTEMA MÚSCULO-ESQUELÉTICO E
ARTICULAÇÕES",PROCEDIMENTOS CIRÚRGICOS E INVASIVOS
OSTEOTOMIAS E/OU PSEUDARTROSES - TRATAMENTO CIRÚRGICO,,,,,HCO,HSO,REF,,,MEMBROS INFERIORES,"SISTEMA MÚSCULO-ESQUELÉTICO E
ARTICULAÇÕES",PROCEDIMENTOS CIRÚRGICOS E INVASIVOS
REALINHAMENTOS DO APARELHO EXTENSOR EM JOELHO,,,,,HCO,HSO,REF,,,MEMBROS INFERIORES,"SISTEMA MÚSCULO-ESQUELÉTICO E
ARTICULAÇÕES",PROCEDIMENTOS CIRÚRGICOS E INVASIVOS
RECONSTRUÇÕES LIGAMENTARES DO PIVOT CENTRAL DE JOELHO,,,,,HCO,HSO,REF,,,MEMBROS INFERIORES,"SISTEMA MÚSCULO-ESQUELÉTICO E
ARTICULAÇÕES",PROCEDIMENTOS CIRÚRGICOS E INVASIVOS
RESSECÇÃO DE OSSO DO PÉ,,,,,HCO,HSO,REF,,,MEMBROS INFERIORES,"SISTEMA MÚSCULO-ESQUELÉTICO E
ARTICULAÇÕES",PROCEDIMENTOS CIRÚRGICOS E INVASIVOS
REVISÕES DE ARTROPLASTIA TOTAL - TRATAMENTO CIRÚRGICO,,,,,HCO,HSO,REF,,,MEMBROS INFERIORES,"SISTEMA MÚSCULO-ESQUELÉTICO E
ARTICULAÇÕES",PROCEDIMENTOS CIRÚRGICOS E INVASIVOS
REVISÕES DE REALINHAMENTOS DO APARELHO EXTENSOR EM JOELHO,,,,,HCO,HSO,REF,,,MEMBROS INFERIORES,"SISTEMA MÚSCULO-ESQUELÉTICO E
ARTICULAÇÕES",PROCEDIMENTOS CIRÚRGICOS E INVASIVOS
REVISÕES DE RECONSTRUÇÕES INTRA-ARTICULARES DE JOELHO,,,,,HCO,HSO,REF,,,MEMBROS INFERIORES,"SISTEMA MÚSCULO-ESQUELÉTICO E
ARTICULAÇÕES",PROCEDIMENTOS CIRÚRGICOS E INVASIVOS
ROTURA DO TENDÃO DE AQUILES - REDUÇÃO INCRUENTA,,,,Seg. Ambulatorial,HCO,HSO,REF,,,MEMBROS INFERIORES,"SISTEMA MÚSCULO-ESQUELÉTICO E
ARTICULAÇÕES",PROCEDIMENTOS CIRÚRGICOS E INVASIVOS
ROTURA DO TENDÃO DE AQUILES - TRATAMENTO CIRÚRGICO,,,,,HCO,HSO,REF,,,MEMBROS INFERIORES,"SISTEMA MÚSCULO-ESQUELÉTICO E
ARTICULAÇÕES",PROCEDIMENTOS CIRÚRGICOS E INVASIVOS
TOALETE CIRÚRGICA - CORREÇÃO DE JOELHO FLEXO,,,,,HCO,HSO,REF,,,MEMBROS INFERIORES,"SISTEMA MÚSCULO-ESQUELÉTICO E
ARTICULAÇÕES",PROCEDIMENTOS CIRÚRGICOS E INVASIVOS
TRANSPLANTE AUTÓLOGO EM JOELHO,,,,,HCO,HSO,REF,,,MEMBROS INFERIORES,"SISTEMA MÚSCULO-ESQUELÉTICO E
ARTICULAÇÕES",PROCEDIMENTOS CIRÚRGICOS E INVASIVOS
TRANSPOSIÇÃO DE FÍBULA/TÍBIA,,,,,HCO,HSO,REF,,,MEMBROS INFERIORES,"SISTEMA MÚSCULO-ESQUELÉTICO E
ARTICULAÇÕES",PROCEDIMENTOS CIRÚRGICOS E INVASIVOS
TRATAMENTO CIRÚRGICO DA ARTRITE SÉPTICA,,,,,HCO,HSO,REF,,,MEMBROS INFERIORES,"SISTEMA MÚSCULO-ESQUELÉTICO E
ARTICULAÇÕES",PROCEDIMENTOS CIRÚRGICOS E INVASIVOS
TRATAMENTO CIRÚRGICO DA OSTEOCONDRITE DE TORNOZELO,,,,,HCO,HSO,REF,,,MEMBROS INFERIORES,"SISTEMA MÚSCULO-ESQUELÉTICO E
ARTICULAÇÕES",PROCEDIMENTOS CIRÚRGICOS E INVASIVOS
TRATAMENTO CIRÚRGICO DA OSTEOMIELITE,,,,,HCO,HSO,REF,,,MEMBROS INFERIORES,"SISTEMA MÚSCULO-ESQUELÉTICO E
ARTICULAÇÕES",PROCEDIMENTOS CIRÚRGICOS E INVASIVOS
"TRATAMENTO CIRÚRGICO DA SINDACTILIA SIMPLES, COMPLEXA OU MÚLTIPLA",,,,,HCO,HSO,REF,,,MEMBROS INFERIORES,"SISTEMA MÚSCULO-ESQUELÉTICO E
ARTICULAÇÕES",PROCEDIMENTOS CIRÚRGICOS E INVASIVOS
