0,1,2,3,4,5,6,7,8,9,10,11,12
PROCEDIMENTO,"RN
(alteração)",VIGÊNCIA,Seg. Odontológica,Seg. Ambulatorial,HCO,HSO,REF,PAC,DUT,SUBGRUPO,GRUPO,CAPÍTULO
HERNIORRAFIA COM OU SEM RESSECÇÃO INTESTINAL POR VIDEOLAPAROSCOPIA,,,,,HCO,HSO,REF,,,"ABDOME, PAREDE E CAVIDADE",SISTEMA DIGESTIVO E ANEXOS,PROCEDIMENTOS CIRÚRGICOS E INVASIVOS
HERNIORRAFIA CRURAL,,,,,HCO,HSO,REF,,,"ABDOME, PAREDE E CAVIDADE",SISTEMA DIGESTIVO E ANEXOS,PROCEDIMENTOS CIRÚRGICOS E INVASIVOS
HERNIORRAFIA CRURAL POR VIDEOLAPAROSCOPIA,,,,,HCO,HSO,REF,,,"ABDOME, PAREDE E CAVIDADE",SISTEMA DIGESTIVO E ANEXOS,PROCEDIMENTOS CIRÚRGICOS E INVASIVOS
HERNIORRAFIA EPIGÁSTRICA,,,,,HCO,HSO,REF,,,"ABDOME, PAREDE E CAVIDADE",SISTEMA DIGESTIVO E ANEXOS,PROCEDIMENTOS CIRÚRGICOS E INVASIVOS
HERNIORRAFIA INCISIONAL,,,,,HCO,HSO,REF,,,"ABDOME, PAREDE E CAVIDADE",SISTEMA DIGESTIVO E ANEXOS,PROCEDIMENTOS CIRÚRGICOS E INVASIVOS
HERNIORRAFIA INGUINAL,,,,,HCO,HSO,REF,,,"ABDOME, PAREDE E CAVIDADE",SISTEMA DIGESTIVO E ANEXOS,PROCEDIMENTOS CIRÚRGICOS E INVASIVOS
HERNIORRAFIA INGUINAL POR VIDEOLAPAROSCOPIA,,,,,HCO,HSO,REF,,,"ABDOME, PAREDE E CAVIDADE",SISTEMA DIGESTIVO E ANEXOS,PROCEDIMENTOS CIRÚRGICOS E INVASIVOS
HERNIORRAFIA INGUINAL NO RN OU LACTENTE,,,,,HCO,HSO,REF,,,"ABDOME, PAREDE E CAVIDADE",SISTEMA DIGESTIVO E ANEXOS,PROCEDIMENTOS CIRÚRGICOS E INVASIVOS
HERNIORRAFIA LOMBAR,,,,,HCO,HSO,REF,,,"ABDOME, PAREDE E CAVIDADE",SISTEMA DIGESTIVO E ANEXOS,PROCEDIMENTOS CIRÚRGICOS E INVASIVOS
HERNIORRAFIA RECIDIVANTE,,,,,HCO,HSO,REF,,,"ABDOME, PAREDE E CAVIDADE",SISTEMA DIGESTIVO E ANEXOS,PROCEDIMENTOS CIRÚRGICOS E INVASIVOS
HERNIORRAFIA RECIDIVANTE POR VIDEOLAPAROSCOPIA,,,,,HCO,HSO,REF,,,"ABDOME, PAREDE E CAVIDADE",SISTEMA DIGESTIVO E ANEXOS,PROCEDIMENTOS CIRÚRGICOS E INVASIVOS
HERNIORRAFIA UMBILICAL,,,,,HCO,HSO,REF,,,"ABDOME, PAREDE E CAVIDADE",SISTEMA DIGESTIVO E ANEXOS,PROCEDIMENTOS CIRÚRGICOS E INVASIVOS
"LAPAROTOMIA EXPLORADORA PARA BIÓPSIA, DRENAGEM DE ABSCESSO OU LIBERAÇÃO DE BRIDAS EM
VIGÊNCIA DE OCLUSÃO",,,,,HCO,HSO,REF,,,"ABDOME, PAREDE E CAVIDADE",SISTEMA DIGESTIVO E ANEXOS,PROCEDIMENTOS CIRÚRGICOS E INVASIVOS
NEUROBLASTOMA ABDOMINAL - EXÉRESE,,,,,HCO,HSO,REF,,,"ABDOME, PAREDE E CAVIDADE",SISTEMA DIGESTIVO E ANEXOS,PROCEDIMENTOS CIRÚRGICOS E INVASIVOS
ONFALOCELE/GASTROSQUISE - TRATAMENTO CIRÚRGICO,,,,,HCO,HSO,REF,,,"ABDOME, PAREDE E CAVIDADE",SISTEMA DIGESTIVO E ANEXOS,PROCEDIMENTOS CIRÚRGICOS E INVASIVOS
PARACENTESE ABDOMINAL,,,,Seg. Ambulatorial,HCO,HSO,REF,,,"ABDOME, PAREDE E CAVIDADE",SISTEMA DIGESTIVO E ANEXOS,PROCEDIMENTOS CIRÚRGICOS E INVASIVOS
PARACENTESE ABDOMINAL LAPAROSCÓPICA,,,,,HCO,HSO,REF,,,"ABDOME, PAREDE E CAVIDADE",SISTEMA DIGESTIVO E ANEXOS,PROCEDIMENTOS CIRÚRGICOS E INVASIVOS
RECONSTRUÇÃO DA PAREDE ABDOMINAL COM RETALHO MUSCULAR OU MIOCUTÂNEO,,,,,HCO,HSO,REF,,,"ABDOME, PAREDE E CAVIDADE",SISTEMA DIGESTIVO E ANEXOS,PROCEDIMENTOS CIRÚRGICOS E INVASIVOS
REPARAÇÃO DE OUTRAS HÉRNIAS (INCLUI HERNIORRAFIA MUSCULAR),,,,,HCO,HSO,REF,,,"ABDOME, PAREDE E CAVIDADE",SISTEMA DIGESTIVO E ANEXOS,PROCEDIMENTOS CIRÚRGICOS E INVASIVOS
