0,1,2,3,4,5,6,7,8,9,10,11,12
PROCEDIMENTO,"RN
(alteração)",VIGÊNCIA,Seg. Odontológica,Seg. Ambulatorial,HCO,HSO,REF,PAC,DUT,SUBGRUPO,GRUPO,CAPÍTULO
CINTILOGRAFIA PARA DETECÇÃO DE HEMORRAGIA DIGESTÓRIA,,,,Seg. Ambulatorial,HCO,HSO,REF,PAC,,DIGESTIVO - IN VIVO,MEDICINA NUCLEAR,"PROCEDIMENTOS DIAGNÓSTICOS E
TERAPÊUTICOS"
CINTILOGRAFIA PARA DETERMINAÇÃO DO TEMPO DE ESVAZIAMENTO GÁSTRICO,,,,Seg. Ambulatorial,HCO,HSO,REF,PAC,,DIGESTIVO - IN VIVO,MEDICINA NUCLEAR,"PROCEDIMENTOS DIAGNÓSTICOS E
TERAPÊUTICOS"
CINTILOGRAFIA PARA ESTUDO DE TRÂNSITO ESOFÁGICO (LÍQUIDOS E SEMI-SÓLIDOS),,,,Seg. Ambulatorial,HCO,HSO,REF,PAC,,DIGESTIVO - IN VIVO,MEDICINA NUCLEAR,"PROCEDIMENTOS DIAGNÓSTICOS E
TERAPÊUTICOS"
CINTILOGRAFIA PARA PESQUISA DE DIVERTÍCULO DE MECKEL,,,,Seg. Ambulatorial,HCO,HSO,REF,PAC,,DIGESTIVO - IN VIVO,MEDICINA NUCLEAR,"PROCEDIMENTOS DIAGNÓSTICOS E
TERAPÊUTICOS"
CINTILOGRAFIA PARA PESQUISA DE REFLUXO GASTRO-ESOFÁGICO,,,,Seg. Ambulatorial,HCO,HSO,REF,PAC,,DIGESTIVO - IN VIVO,MEDICINA NUCLEAR,"PROCEDIMENTOS DIAGNÓSTICOS E
TERAPÊUTICOS"
FLUXO SANGUÍNEO HEPÁTICO (QUALITATIVO E QUANTITATIVO),,,,Seg. Ambulatorial,HCO,HSO,REF,PAC,,DIGESTIVO - IN VIVO,MEDICINA NUCLEAR,"PROCEDIMENTOS DIAGNÓSTICOS E
TERAPÊUTICOS"
CINTILOGRAFIA DA TIREÓIDE E/OU CAPTAÇÃO (IODO - 131 OU 123),,,,Seg. Ambulatorial,HCO,HSO,REF,PAC,,ENDÓCRINO - IN VIVO,MEDICINA NUCLEAR,"PROCEDIMENTOS DIAGNÓSTICOS E
TERAPÊUTICOS"
CINTILOGRAFIA DA TIREÓIDE E/OU CAPTAÇÃO (TECNÉCIO - 99M TC),,,,Seg. Ambulatorial,HCO,HSO,REF,PAC,,ENDÓCRINO - IN VIVO,MEDICINA NUCLEAR,"PROCEDIMENTOS DIAGNÓSTICOS E
TERAPÊUTICOS"
CINTILOGRAFIA DAS PARATIREÓIDES,,,,Seg. Ambulatorial,HCO,HSO,REF,PAC,,ENDÓCRINO - IN VIVO,MEDICINA NUCLEAR,"PROCEDIMENTOS DIAGNÓSTICOS E
TERAPÊUTICOS"
CINTILOGRAFIA DE CORPO INTEIRO PARA PESQUISA DE METÁSTASES (PCI),,,,Seg. Ambulatorial,HCO,HSO,REF,PAC,,ENDÓCRINO - IN VIVO,MEDICINA NUCLEAR,"PROCEDIMENTOS DIAGNÓSTICOS E
TERAPÊUTICOS"
TESTE DE ESTÍMULO COM TSH RECOMBINANTE,,,,Seg. Ambulatorial,HCO,HSO,REF,PAC,,ENDÓCRINO - IN VIVO,MEDICINA NUCLEAR,"PROCEDIMENTOS DIAGNÓSTICOS E
TERAPÊUTICOS"
TESTE DE SUPRESSÃO DA TIREÓIDE COM T3,,,,Seg. Ambulatorial,HCO,HSO,REF,PAC,,ENDÓCRINO - IN VIVO,MEDICINA NUCLEAR,"PROCEDIMENTOS DIAGNÓSTICOS E
TERAPÊUTICOS"
TESTE DO PERCLORATO,,,,Seg. Ambulatorial,HCO,HSO,REF,PAC,,ENDÓCRINO - IN VIVO,MEDICINA NUCLEAR,"PROCEDIMENTOS DIAGNÓSTICOS E
TERAPÊUTICOS"
CINTILOGRAFIA RENAL DINÂMICA,,,,Seg. Ambulatorial,HCO,HSO,REF,PAC,,GENITURINÁRIO - IN VIVO,MEDICINA NUCLEAR,"PROCEDIMENTOS DIAGNÓSTICOS E
TERAPÊUTICOS"
CINTILOGRAFIA RENAL DINÂMICA COM DIURÉTICO OU INIBIDOR DA ECA,,,,Seg. Ambulatorial,HCO,HSO,REF,PAC,,GENITURINÁRIO - IN VIVO,MEDICINA NUCLEAR,"PROCEDIMENTOS DIAGNÓSTICOS E
TERAPÊUTICOS"
CINTILOGRAFIA RENAL ESTÁTICA (QUANTITATIVA OU QUALITATIVA),,,,Seg. Ambulatorial,HCO,HSO,REF,PAC,,GENITURINÁRIO - IN VIVO,MEDICINA NUCLEAR,"PROCEDIMENTOS DIAGNÓSTICOS E
TERAPÊUTICOS"
CINTILOGRAFIA TESTICULAR (ESCROTAL),,,,Seg. Ambulatorial,HCO,HSO,REF,PAC,,GENITURINÁRIO - IN VIVO,MEDICINA NUCLEAR,"PROCEDIMENTOS DIAGNÓSTICOS E
TERAPÊUTICOS"
CISTOCINTILOGRAFIA DIRETA,,,,Seg. Ambulatorial,HCO,HSO,REF,PAC,,GENITURINÁRIO - IN VIVO,MEDICINA NUCLEAR,"PROCEDIMENTOS DIAGNÓSTICOS E
TERAPÊUTICOS"
CISTOCINTILOGRAFIA INDIRETA,,,,Seg. Ambulatorial,HCO,HSO,REF,PAC,,GENITURINÁRIO - IN VIVO,MEDICINA NUCLEAR,"PROCEDIMENTOS DIAGNÓSTICOS E
TERAPÊUTICOS"
