0,1,2,3,4,5,6,7,8,9,10,11,12
PROCEDIMENTO,"RN
(alteração)",VIGÊNCIA,Seg. Odontológica,Seg. Ambulatorial,HCO,HSO,REF,PAC,DUT,SUBGRUPO,GRUPO,CAPÍTULO
PROCEDIMENTO COLPOCITOLÓGICO HORMONAL SIMPLES OU SERIADO,,,,Seg. Ambulatorial,HCO,HSO,REF,,,PROCEDIMENTOS,ANATOMIA PATOLÓGICA E CITOPATOLOGIA,"PROCEDIMENTOS DIAGNÓSTICOS E
TERAPÊUTICOS"
"PROCEDIMENTO DIAGNÓSTICO ANATOMOPATOLÓGICO EM MATERIAL PROVENIENTE DE BIÓPSIAS SIMPLES,
PAAF, ""IMPRINT"" E ""CELL-BLOCK""",,,,Seg. Ambulatorial,HCO,HSO,REF,,,PROCEDIMENTOS,ANATOMIA PATOLÓGICA E CITOPATOLOGIA,"PROCEDIMENTOS DIAGNÓSTICOS E
TERAPÊUTICOS"
"PROCEDIMENTO DIAGNÓSTICO ANATOMOPATOLÓGICO EM PEÇA ANATÔMICA OU CIRÚRGICA SIMPLES OU
COMPLEXA",,,,Seg. Ambulatorial,HCO,HSO,REF,,,PROCEDIMENTOS,ANATOMIA PATOLÓGICA E CITOPATOLOGIA,"PROCEDIMENTOS DIAGNÓSTICOS E
TERAPÊUTICOS"
DIAGNÓSTICO ANATOMOPATOLÓGICO EM CITOLOGIA ESFOLIATIVA NA REGIÃO BUCO-MAXILO-FACIAL,,,Seg. Odontológica,Seg. Ambulatorial,HCO,HSO,REF,,,PROCEDIMENTOS,ANATOMIA PATOLÓGICA E CITOPATOLOGIA,"PROCEDIMENTOS DIAGNÓSTICOS E
TERAPÊUTICOS"
DIAGNÓSTICO ANATOMOPATOLÓGICO EM MATERIAL DE BIÓPSIA NA REGIÃO BUCO-MAXILO-FACIAL,,,Seg. Odontológica,Seg. Ambulatorial,HCO,HSO,REF,,,PROCEDIMENTOS,ANATOMIA PATOLÓGICA E CITOPATOLOGIA,"PROCEDIMENTOS DIAGNÓSTICOS E
TERAPÊUTICOS"
DIAGNÓSTICO ANATOMOPATOLÓGICO EM PEÇA CIRÚRGICA NA REGIÃO BUCO-MAXILO-FACIAL,,,Seg. Odontológica,Seg. Ambulatorial,HCO,HSO,REF,,,PROCEDIMENTOS,ANATOMIA PATOLÓGICA E CITOPATOLOGIA,"PROCEDIMENTOS DIAGNÓSTICOS E
TERAPÊUTICOS"
DIAGNÓSTICO ANATOMOPATOLÓGICO EM PUNÇÃO NA REGIÃO BUCO-MAXILO-FACIAL,,,Seg. Odontológica,Seg. Ambulatorial,HCO,HSO,REF,,,PROCEDIMENTOS,ANATOMIA PATOLÓGICA E CITOPATOLOGIA,"PROCEDIMENTOS DIAGNÓSTICOS E
TERAPÊUTICOS"
PD-L1 – DETECÇÃO POR TÉCNICAS IMUNOISTOQUÍMICAS (COM DIRETRIZ DE UTILIZAÇÃO),,,,Seg. Ambulatorial,HCO,HSO,REF,PAC,146,PROCEDIMENTOS,ANATOMIA PATOLÓGICA E CITOPATOLOGIA,"PROCEDIMENTOS DIAGNÓSTICOS E
TERAPÊUTICOS"
PROCEDIMENTO DIAGNÓSTICO ANATOMOPATOLÓGICO POR CONGELAÇÃO DURANTE ATO CIRÚRGICO,,,,Seg. Ambulatorial,HCO,HSO,REF,,,PROCEDIMENTOS,ANATOMIA PATOLÓGICA E CITOPATOLOGIA,"PROCEDIMENTOS DIAGNÓSTICOS E
TERAPÊUTICOS"
PROCEDIMENTO DIAGNÓSTICO CITOPATOLÓGICO EM MEIO LÍQUIDO,,,,Seg. Ambulatorial,HCO,HSO,REF,,,PROCEDIMENTOS,ANATOMIA PATOLÓGICA E CITOPATOLOGIA,"PROCEDIMENTOS DIAGNÓSTICOS E
TERAPÊUTICOS"
PROCEDIMENTO DIAGNÓSTICO CITOPATOLÓGICO ONCÓTICO DE LÍQUIDOS E RASPADOS CUTÂNEOS,,,,Seg. Ambulatorial,HCO,HSO,REF,,,PROCEDIMENTOS,ANATOMIA PATOLÓGICA E CITOPATOLOGIA,"PROCEDIMENTOS DIAGNÓSTICOS E
TERAPÊUTICOS"
PROCEDIMENTO DIAGNÓSTICO CITOPATOLÓGICO ONCÓTICO DE MATERIAL CÉRVICO-VAGINAL,,,,Seg. Ambulatorial,HCO,HSO,REF,,,PROCEDIMENTOS,ANATOMIA PATOLÓGICA E CITOPATOLOGIA,"PROCEDIMENTOS DIAGNÓSTICOS E
TERAPÊUTICOS"
"PROCEDIMENTO DIAGNÓSTICO EM GRUPOS DE LINFONODOS, ESTRUTURAS VIZINHAS E MARGENS
CIRÚRGICAS, DE PEÇAS ANATÔMICAS SIMPLES OU COMPLEXAS",,,,Seg. Ambulatorial,HCO,HSO,REF,,,PROCEDIMENTOS,ANATOMIA PATOLÓGICA E CITOPATOLOGIA,"PROCEDIMENTOS DIAGNÓSTICOS E
TERAPÊUTICOS"
"PROCEDIMENTO DIAGNÓSTICO EM IMUNOFLUORESCÊNCIA, DIRETA E INDIRETA",,,,Seg. Ambulatorial,HCO,HSO,REF,,,PROCEDIMENTOS,ANATOMIA PATOLÓGICA E CITOPATOLOGIA,"PROCEDIMENTOS DIAGNÓSTICOS E
TERAPÊUTICOS"
PROCEDIMENTO DIAGNÓSTICO EM PAINEL DE IMUNOISTOQUÍMICA,,,,Seg. Ambulatorial,HCO,HSO,REF,,,PROCEDIMENTOS,ANATOMIA PATOLÓGICA E CITOPATOLOGIA,"PROCEDIMENTOS DIAGNÓSTICOS E
TERAPÊUTICOS"
PROCEDIMENTO DIAGNÓSTICO EM REVISÃO DE LÂMINAS,,,,Seg. Ambulatorial,HCO,HSO,REF,,,PROCEDIMENTOS,ANATOMIA PATOLÓGICA E CITOPATOLOGIA,"PROCEDIMENTOS DIAGNÓSTICOS E
TERAPÊUTICOS"
"PROCEDIMENTO DIAGNÓSTICO POR HIBRIDIZAÇÃO ""IN SITU"" OU HIBRIDIZAÇÃO ""IN SITU"" POR
FLUORESCÊNCIA",,,,Seg. Ambulatorial,HCO,HSO,REF,PAC,,PROCEDIMENTOS,ANATOMIA PATOLÓGICA E CITOPATOLOGIA,"PROCEDIMENTOS DIAGNÓSTICOS E
TERAPÊUTICOS"
PUNÇÃO ASPIRATIVA COM AGULHA FINA (ÓRGÃOS OU ESTRUTURAS SUPERFICIAIS),,,,Seg. Ambulatorial,HCO,HSO,REF,,,PROCEDIMENTOS,ANATOMIA PATOLÓGICA E CITOPATOLOGIA,"PROCEDIMENTOS DIAGNÓSTICOS E
TERAPÊUTICOS"
"PUNÇÃO ASPIRATIVA COM AGULHA FINA DE MASSAS, ÓRGÃOS OU ESTRUTURAS PROFUNDAS ORIENTADA
OU NÃO POR IMAGEM",,,,Seg. Ambulatorial,HCO,HSO,REF,,,PROCEDIMENTOS,ANATOMIA PATOLÓGICA E CITOPATOLOGIA,"PROCEDIMENTOS DIAGNÓSTICOS E
TERAPÊUTICOS"
