0,1,2,3,4,5,6,7,8,9,10,11,12
PROCEDIMENTO,"RN
(alteração)",VIGÊNCIA,Seg. Odontológica,Seg. Ambulatorial,HCO,HSO,REF,PAC,DUT,SUBGRUPO,GRUPO,CAPÍTULO
BETATERAPIA,,,,Seg. Ambulatorial,HCO,HSO,REF,PAC,,TERAPÊUTICA,"PROCEDIMENTOS CLÍNICOS AMBULATORIAIS
E HOSPITALARES","PROCEDIMENTOS CLÍNICOS AMBULATORIAIS
E HOSPITALARES"
CARDIOVERSÃO QUÍMICA DE ARRITMIA PAROXÍSTA,,,,Seg. Ambulatorial,HCO,HSO,REF,,,TERAPÊUTICA,"PROCEDIMENTOS CLÍNICOS AMBULATORIAIS
E HOSPITALARES","PROCEDIMENTOS CLÍNICOS AMBULATORIAIS
E HOSPITALARES"
CATETERISMO VESICAL,,,,Seg. Ambulatorial,HCO,HSO,REF,,,TERAPÊUTICA,"PROCEDIMENTOS CLÍNICOS AMBULATORIAIS
E HOSPITALARES","PROCEDIMENTOS CLÍNICOS AMBULATORIAIS
E HOSPITALARES"
CERUMEN - REMOÇÃO,,,,Seg. Ambulatorial,HCO,HSO,REF,,,TERAPÊUTICA,"PROCEDIMENTOS CLÍNICOS AMBULATORIAIS
E HOSPITALARES","PROCEDIMENTOS CLÍNICOS AMBULATORIAIS
E HOSPITALARES"
CRIOTERAPIA,,,,Seg. Ambulatorial,HCO,HSO,REF,,,TERAPÊUTICA,"PROCEDIMENTOS CLÍNICOS AMBULATORIAIS
E HOSPITALARES","PROCEDIMENTOS CLÍNICOS AMBULATORIAIS
E HOSPITALARES"
CURATIVOS EM GERAL COM OU SEM ANESTESIA,,,,Seg. Ambulatorial,HCO,HSO,REF,,,TERAPÊUTICA,"PROCEDIMENTOS CLÍNICOS AMBULATORIAIS
E HOSPITALARES","PROCEDIMENTOS CLÍNICOS AMBULATORIAIS
E HOSPITALARES"
DILATAÇÃO URETRAL,,,,Seg. Ambulatorial,HCO,HSO,REF,,,TERAPÊUTICA,"PROCEDIMENTOS CLÍNICOS AMBULATORIAIS
E HOSPITALARES","PROCEDIMENTOS CLÍNICOS AMBULATORIAIS
E HOSPITALARES"
DESSENSIBILIZAÇÃO DENTÁRIA,,,Seg. Odontológica,,,,,,,TERAPÊUTICA,"PROCEDIMENTOS CLÍNICOS AMBULATORIAIS
E HOSPITALARES","PROCEDIMENTOS CLÍNICOS AMBULATORIAIS
E HOSPITALARES"
ESTIMULAÇÃO ELÉTRICA TRANSCUTÂNEA (COM DIRETRIZ DE UTILIZAÇÃO),,,,Seg. Ambulatorial,HCO,HSO,REF,,24,TERAPÊUTICA,"PROCEDIMENTOS CLÍNICOS AMBULATORIAIS
E HOSPITALARES","PROCEDIMENTOS CLÍNICOS AMBULATORIAIS
E HOSPITALARES"
FOTOTERAPIA COM UVA (PUVA) PARA TRATAMENTO DE PSORÍASE OU VITILIGO,,,,Seg. Ambulatorial,,,REF,PAC,,TERAPÊUTICA,"PROCEDIMENTOS CLÍNICOS AMBULATORIAIS
E HOSPITALARES","PROCEDIMENTOS CLÍNICOS AMBULATORIAIS
E HOSPITALARES"
INSTILAÇÃO VESICAL OU URETRAL,,,,Seg. Ambulatorial,HCO,HSO,REF,,,TERAPÊUTICA,"PROCEDIMENTOS CLÍNICOS AMBULATORIAIS
E HOSPITALARES","PROCEDIMENTOS CLÍNICOS AMBULATORIAIS
E HOSPITALARES"
LESÕES MÚSCULO TENDINOSAS - TRATAMENTO INCRUENTO,,,,Seg. Ambulatorial,HCO,HSO,REF,,,TERAPÊUTICA,"PROCEDIMENTOS CLÍNICOS AMBULATORIAIS
E HOSPITALARES","PROCEDIMENTOS CLÍNICOS AMBULATORIAIS
E HOSPITALARES"
PLANEJAMENTO TÉCNICO DA IMUNOTERAPIA ALÉRGENO INESPECÍFICA,,,,Seg. Ambulatorial,HCO,HSO,REF,,,TERAPÊUTICA,"PROCEDIMENTOS CLÍNICOS AMBULATORIAIS
E HOSPITALARES","PROCEDIMENTOS CLÍNICOS AMBULATORIAIS
E HOSPITALARES"
PLANEJAMENTO TÉCNICO DA IMUNOTERAPIA ALÉRGENO-ESPECÍFICA,,,,Seg. Ambulatorial,HCO,HSO,REF,,,TERAPÊUTICA,"PROCEDIMENTOS CLÍNICOS AMBULATORIAIS
E HOSPITALARES","PROCEDIMENTOS CLÍNICOS AMBULATORIAIS
E HOSPITALARES"
PRIAPISMO - TRATAMENTO NÃO CIRÚRGICO,,,,Seg. Ambulatorial,HCO,HSO,REF,,,TERAPÊUTICA,"PROCEDIMENTOS CLÍNICOS AMBULATORIAIS
E HOSPITALARES","PROCEDIMENTOS CLÍNICOS AMBULATORIAIS
E HOSPITALARES"
PULSOTERAPIA,,,,Seg. Ambulatorial,HCO,HSO,REF,,,TERAPÊUTICA,"PROCEDIMENTOS CLÍNICOS AMBULATORIAIS
E HOSPITALARES","PROCEDIMENTOS CLÍNICOS AMBULATORIAIS
E HOSPITALARES"
OXIGENOTERAPIA HIPERBÁRICA (COM DIRETRIZ DE UTILIZAÇÃO),,,,,HCO,HSO,REF,PAC,58,TERAPÊUTICA,"PROCEDIMENTOS CLÍNICOS AMBULATORIAIS
E HOSPITALARES","PROCEDIMENTOS CLÍNICOS AMBULATORIAIS
E HOSPITALARES"
REDUÇÃO DE LUXAÇÃO DA ATM (COM DIRETRIZ DE UTILIZAÇÃO),,,Seg. Odontológica,Seg. Ambulatorial,HCO,HSO,REF,,96,TERAPÊUTICA,"PROCEDIMENTOS CLÍNICOS AMBULATORIAIS
E HOSPITALARES","PROCEDIMENTOS CLÍNICOS AMBULATORIAIS
E HOSPITALARES"
REMINERALIZAÇÃO DENTÁRIA,,,Seg. Odontológica,,,,,,,TERAPÊUTICA,"PROCEDIMENTOS CLÍNICOS AMBULATORIAIS
E HOSPITALARES","PROCEDIMENTOS CLÍNICOS AMBULATORIAIS
E HOSPITALARES"
